125ti3o,1680108366.0,,Deeb4905,Streak 80: Último día de clase,"Hoy he hecho mi último examen del año. Salgo con los de mi clase esta noche, y después no vamos a vernos de nuevo hasta septiembre. Queda una hora hasta que me encuentre con mis amigos, pues debo encontrar la motivación necesaria para limpiar mi habitación entre tanto. La primera cosa que hice fue deshacerme de mis cursos, cuadernos y papeles olvidados en mi mochilla o en la mesa. Ahora voy a ordenar mis zapatos y ponerlos en bolsas y maletas, porque no voy a llevarlos todos hasta el sábado cuando deje mi vivienda. También tengo que doblar mi ropa, es verdadero que mi armario no es el más limpio..."
1253m2h,1680040263.0,,Deeb4905,Streak 79: Conocer a nuevas personas,"Hoy una amiga me presentó a algunos de sus amigos/colegas. Queríamos ir a un bar juntas esta noche y me previno que tal vez iba a proponer a unos amigos de acompañarnos. Yo me esperaba a una o dos personas, ¡pero en realidad fueron 5! Es mucho para mí, no me gusta estar con tantas personas que no conozco. Antes siquiera de que los vea sabía que no iba a pasar una buena noche, y tenía razón.

Primero, 3 de ellos llegaron aproximadamente una hora tarde. Y entre ellos, 2 se fueron después de apenas una hora. Nadie parecía muy interesado o implicado en la conversación, uno cambiaba el tema de conversación todo el tiempo como si lo que estábamos diciendo no le interesaba. Empezamos a jugar un juego pero no estaban muy atentos, el juego no les importaba.

El bar cerró a las 23:00, lo que fue buena noticia porque estaba a punto de irme de todos modos. Caminamos juntos dejando el bar, y decidieron gritar en la calle porque les parecía gracioso, pero a mí no me divierte. Acabo ahora de dejar el grupo para esperar el tranvía.

No me sentí muy cómoda alrededor de ellos esta noche. Pero no son malvados, sólo es que somos gente muy diferente."
123x1ma,1679944306.0,,Deeb4905,Streak 78: Dejar mi habitación estudiante,"El sábado mi madre va a venir para ayudarme a mudarme de mi habitación estudiante. Antes que llegue tengo que preparar mis maletas, ordenar mi ropa y todo lo que tengo como platos, mis cursos del año, etc. Mi vivienda no es muy grande, de hecho es muy pequeño, pero todavía tengo muchas cosas que ordenar y llevar. No tendré tiempo para eso antes del jueves o del viernes, tendré que estar rápida para que no perdamos tiempo el sábado. Cuando terminemos poner todas mis cosas en el coche, tendrémos que limpiar la vivienda, lo que en mi opinión será lo que tomará más tiempo."
122wy89,1679859467.0,,Deeb4905,Streak 77: Blind test,"Ayer fui a un bar que organiza varias actividades como conciertos, cuestionarios, y ayer un blind test. Un blind test es un juego cuyas reglas son, están reproducidas canciones y se deben adivinar el título y el nombre del intérprete. El dueño del bar es británico, así que la mayoría de las canciones eran en inglés. Y yo no conozco nada en absoluto sobre canciones inglesas jaja, ¡pero cada vez que había una canción francesa hube podido respondir! Ha habido una canción (en parte) en español también, que fue La Macarena de Los del Río. No conozco mi ranking exacto, pero terminé en penúltimo o antepenúltimo lugar, lo que es muy malo, ¡pero era la primera vez que participé en una de esas veladas y espero que mejore!"
121vlrv,1679770869.0,,Deeb4905,Streak 76: La reapertura del restaurante (secuela),"Hace unos días hablé de la reapertura de un restaurante a lo que solíamos ir con una amiga. Cerró el año pasado, y ahora ha abierto de nuevo. Mi amiga y yo fuimos allí el último jueves, después de haber bebido una copa con uno de mis amigos que no había visto en varios meses. La comida era muy buena, y la ubicación del restaurante estaba muy cerca de donde solía estar: podía ver el antiguo edificio a través de la ventana. El restaurante sirve cupcakes también ahora, pero no los he probado."
12115kc,1679697043.0,,Deeb4905,Streak X: Descanso,No idea hoy.
1200jcp,1679612068.0,,Deeb4905,Streak 75: Anécdota,"Viganella es un pequeño pueblo italiano donde viven unos cientos de habitantes. Algo interesante sobre el pueblo es que se situa tan profundo en el valle que cada año entre noviembre y enero no se ve nada en absoluto, a causa de la montaña que obstrue los rayos del sol. Fue instalado en 2006 un gran espejo en el lado de la montaña para que la plaza central aun sea iluminada."
11ywl6s,1679519025.0,,Deeb4905,Streak 74: Mis amigos se van,"Mis exámenes acaban dentro de 1 semana, y después todo el mundo saldrá a hacer las prácticas. Lo que quiere decir que no voy a ver a mis amigos por varios meses. Les veré de nuevo en septiembre, cuando empezará el nuevo año escolar. Pero algunos de ellos eligieron estudiar al extranjero el año que viene, y sólo van a regresar en diciembre de 2024. Habremos entonces obtenido nuestro diploma, así que no nos vamos a ver de nuevo en la escuela. Y después, muchos se van a mudar a otras ciudades para trabajar.

Me di cuenta de eso hoy, y no puedo creer que dentro de 1 semana será la última vez que vea algunas de las personas que veo cada día. Espero que nos mantengamos en contacto, son gente muy importante para mí y ya estoy muy triste de que no nos vamos a ver por tanto tiempo."
11xy03q,1679439504.0,,Deeb4905,Streak 73: La lluvia,"A mi no me gusta la lluvia. No es agradable en la ropa o el pelo, ensucia la ropa y los zapatos, y huele mal. A la mayoría de la gente les gusta el olor de la tierra después de la lluvia, pero a mi no. Mi tiempo favorito son los atardeceres de verano, cuando hace calor pero no demasiado, que la noche empeza de caer pero que todavía hay bastante luz para que se vea y que se ande por la ciudad casi vacia. Será pronto este periodo del año, ya puedo volverme a casa a las 22:00 sólo llevando puesto un jersey."
11wxx9p,1679350466.0,,Deeb4905,Streak 72: La reapertura del restaurante,"Hace unos meses, quizás años, solía ir a un restaurante con una amiga. El concepto es que sirve únicamente bagels y boles de cereales, lo que es muy raro de encontrar en un restaurante. En su sitio web, el dueño anunció que el restaurante iba a reabrir dentro de apenas unos días. Tiene una nueva dirección, pero es muy cerca de su antigua. Mi amiga y yo decidimos ir a desayunar allí el miércoles a las 3 de la tarde, lo que es un poco tarde; solemos desayunar al mediodía o a las 13:00. Pero mi amiga trabaja al mediodía, y el restaurante cierre a las 18:00 así que no podemos ir para cenar. No importa, la comida servirá de merienda."
11w0lcp,1679266720.0,,Deeb4905,Streak 71: Esta noche,"Hoy he pasado la tarde con amigos. Cenamos en un restaurante, sólo comí patatas fritas porque ya no había faláfeles, así que todavía tengo un poco hambre. Después jugamos al presidente, que es un juego de cartas. Dos de mis amigos se fueron temprano porque trabajan temprano mañana, y ahora todavía estoy a la de mi amiga viendo vídeos en YouTube."
11v2ze3,1679178669.0,,Deeb4905,Streak 70: Anécdota,"Hay dos ciudades en todo el mundo que tienen un signo de punctuación en su nombre. La primera es la ciudad de Westward Ho! en el Reino Unido. El nombre viene de la novela epónima del autor Charles Kingsley, que se vendió muy bien. La región quería desarrollar el turismo en la zona, es por qué la ciudad adoptó su título como nombre.

La segunda ciudad es Saint-Louis du Ha ! Ha ! en Canada. En francés antiguo, la palabra ""Ha ! Ha !"" se refería a un callejón sin salida o a un obstáculo, y la ciudad está bloqueada por el lago Temiscouata que se ubica al Este."
11u6410,1679092311.0,,Deeb4905,Streak 69: Vocabulario de la cocina,"Hoy voy a escribir un texto sobre el tema de la cocina para practicar vocabulario específico.

&#x200B;

Esta noche voy a comer pasta, específicamente espaguetis. Voy a ponerlos en un cazo lleno de agua hirviendo, a la que habré añadido un cubo de caldo de verduras. Tendré que remover la pasta con una espátula, para que no adhiera en el fondo del cazo. Cuando sea cocida, prepararé trozos de salchichas en una sartén. Mesclaré todo con salsa de tomate, y quizás queso derretido encima. Si todavía tengo hambre después de esto, comeré pan con mantequilla y chocolate en polvo. Y luego, tendré que lavar los platos en mi fregadero."
11t91c2,1679007135.0,,Deeb4905,Streak 68: Una canción suecia,"He descubierto la canción tradicional sueca ""Herr Mannelig"", o ""Señor Mannelig"". Es la historia de un hombre joven que una mañana se encuentra a una mujer trol en un bosque. Ella le propone que se casen, y para convencerle promete ofrecerle muchas riquezas, como una espada de oro o ropa de seda. En realidad está mentiendo la mujer trol a señor Mannelig, en la mitología nórdica los troles no tienen almas pero pueden ganar una casando a un ser humano. Señor Mannelig comprende que la mujer trol está mentiendo y rechaza casarse con ella.  


EDIT: el título debería ser ""una canción **sueca**"""
11scbuj,1678921165.0,,Deeb4905,Streak 67: Top 10,"Top 10 es un juego de mesa que se juga con máximo 10 jugadores, no hay un mínimo pero no es divertido con menos de 5 personas. Alguien toma una carta en la que está descrita una situación como ""la cita perfecta"" o ""lo que le ofreces a tu amigo para su cumpleaños"". Todo el mundo toma otra carta en la que está escrito un número entre 1 y 10. Cada persona tiene que proponer una respuesta a la pregunta, o que corresponde totalmente a la frase si tiene 10, o que no corresponde de nada si tiene 0. Por ejemplo, con ""lo que le ofreces a tu amigo"", se puede decir ""una villa frente al mar"" en el primer caso y ""un calcetín agujereado"" en el segundo caso. El juego es que después, se debe encontrar el orden y/o el número de cada persona en función de sus respuestas. Es un juego que juego a menudo con mis amigos."
11rg06p,1678840005.0,,Deeb4905,Streak 66: ¡Un poquito tarde!,"Estoy un poquito tarde para mi texto hoy, pero no es mi culpa: Reddit dejó de funcionar durante horas. Sólo funciona de nuevo desde hace unos minutos. Voy a intentar escribir más temprano para dejarme un margen, pero me cuesta encontrar temas cada día y sólo puedo encontrar una idea cuando el día se acaba y que no tengo otra alternativa que encontrar algo ahora. Durante el día trato de pensar en sujetos interesantes, lo que hice o lo que me pasó, y será un poco triste pero mis días se parecen bastante. Bueno, estoy un poco cansada ahora, me voy a dormir. ¡Buenas noches!"
11qovcq,1678748314.0,,Deeb4905,Streak 65: Hacer trampas,"Mañana tengo un examen en una asignatura donde no tenemos ningún curso. La primera vez que venimos a clase, esperamos 20 minutos que el profe terminara algo, no sé qué, en silencio, y después la primera cosa que nos dijo fue ""ok podéis hacer los ejercicios ahora"". ¡Pero no nos había dado ningún curso ya! No comprendemos nada de lo que debemos hacer, el profe no nos explica nada.

Además, se mudó a Japón hace 2 meses y desde entonces tenemos clase via Discord. Es muy difícil aprender algo en estas condiciones... Decidimos hacer trampas mañana en el examen, queríamos hacerlo todos juntos. Quizás vais a pensar que no es bueno, que deberíamos estudiar, ¡pero no tenemos ningún curso que estudiar! Pero hoy aprendimos que iba a haber otro profe para vigilarnos. Creo que sólo queda la suerte con la que podemos contar..."
11prvbo,1678659887.0,,Deeb4905,Streak X: Descanso,"No me siento nada bien hoy, voy a tomar un día de descanso."
11oxb2e,1678574108.0,,Deeb4905,Streak 64: La muerte en Samarcanda,"Voy a contar un cuento arábico, La muerte en Samarcanda. Como es un cuento muy antiguo, hay varias versiones más o menos diferentes, voy a contar aquí una versión entre otras.

Una mañana, un hombre estaba andando por el mercado de la ciudad de Bagdad. Al doblar por la esquina de una calle, vio la muerte que estaba mirándole un poco más lejos, con un aire bastante sorprendido. El hombre se asustó, e inmediatamente empezó a correr. Tomó su caballo, y galopó el día entero hasta que llegue a la ciudad de Samarcanda. Se bajó de su caballo, y cuando estaba a punto de entrar en la ciudad, vio la muerte que estaba esperando a él.

Comprendió que ya no podía huir, y se dio por vencido. Acceptó ir con la muerte, pero la preguntó: ""Esta mañana cuando te vi por primera vez parecías sorprendida, ¿por qué?"" Y la muerte respondió, ""Porque no me esperaba verte esta mañana en Bagdad, tenía una cita contigo esta tarde, en Samarcanda"".

Es una historia que habla del destino, dice que no se puede evitar."
11o3tk1,1678489510.0,,Deeb4905,Streak 63: Profesor Layton,"Un nuevo videojuego de Profesor Layton fue anunciado el mes pasado. Estoy muy contenta porque es una licencia que me encanta desde hace años. No he jugado uno de esos juegos desde hace mucho tiempo porque el fin de *El futuro perdido* era muy triste. Uno de mis amigos tiene todos los juegos que salieron en la 3DS, quizas se los tome prestado antés de jugar al nuevo. No juego videojuegos mucho y me aburro rápidamente, me gusta Mario Kart por ejemplo pero hace algo así como un año que no lo he jugado. Pero en general los Profesor Layton no son muy largos que terminar, no puedo esperar a que salga el juego."
11n6fdl,1678401842.0,,Deeb4905,Streak 62: El examen del TOEIC,"El TOEIC es un examen de certificación de la lengua inglesa. Tengo que obtener la certificación para validar mi diploma de ingeniera, y el test era hoy. Hay dos partes: una parte donde escuchamos una grabación y debemos responder preguntas sobre lo que fue dicho, y una segunda parte donde leemos textos y debemos responder preguntas sobre el contenido, hay preguntas de gramática también.

El año pasado mi escuela organizó una sesión de práctica a la que tuve 990, lo que equivale a un nivel C1 y que es la nota máxima. Desde entonces cada vez que me entrené tuve 985, ¡lo que es muy frustrante! Creo que el examen se pasó bien, no sé si obtendré 990 pero en cualquier caso pasaré la prueba lo que es muy bien."
11mb00u,1678316126.0,,Deeb4905,Streak 61: Mapas,"Los fabricantes de mapas a veces añaden errores a sus mapas. Cambian la forma de una carretera, dibujan otra que no existe... La razón es que permite identificar fácilmente mapas que habrían sido plagiados, si un mismo error se encuentra en varios mapas debe ser que uno fue copiado a partir del otro. Una anécdota divertida es que la ciudad de Agloe en los EEUU era al principio una de esas añadiduras, era completamente fictiva. Pero desde que se instaló una tienda allí y que tomó su nombre, *Agloe General Store*, Agloe se convirtió en un lugar verdadero."
11lee5n,1678229840.0,,Deeb4905,Streak 60: Exámenes,"Esta semana empiezan mis exámenes. Tengo 8 exámenes esta semana, una semana de pausa, y despues algo como 10 exámenes la semana siguiente. Sólo han empezado desde hace 1 día pero ya estoy bastante cansada, y no puedo esperar que se acaben. Tendré unos días de descanso después, y empezará mi práctica. Tengo un amigo cuya práctica empeza directamente después de los exámenes, apenas unas horas después tiene que subir al avión, no podrá descansar mucho."
11kd4j6,1678134941.0,,Deeb4905,Streak 59: Monumentos que visitar (2),"Este post es la segunda parte de mi presentación paródica, la primera parte ha sido publicada ayer. ¡Lo siento por la longitud del texto!

&#x200B;

Pasemos al número 3, la señal de tráfico del ramal de la carretera Europea E-82 y de la autopista A-11, antes de la rotonda que lleva a Tordesillas. Os aconsejo ir temprano, porque los alrededores rápidamente se encuentran llenos de gente venidos para sacar su foto con la señal, si un día vais a españa os daréis cuenta de que es muy corriente encontrar una foto de esta señal pegada en la pared del salón en la casa de un español. Algunos piensan que da buena suerte empezar su día almorzando en frente de la foto.

Un poco de historia, la señal fue creada en 1926 por el famoso arquitecto Raulito Panodecirculaciono. Está tan famoso aquello arquitecto que por supuesto no estoy enseñándoos nada, ya sabéis que después de haber creado esta obra llegó a ser uno de los artistas más conocidos de España.

Véis en esta foto que la velocidad está limitada a 40km/h, como anecdota era inicialmente de 50km/h pero había demasiado accidentes de tráfico a causa de la gente que empezaba a llorar de emoción cada vez que vían este monumento de la cultura española, y ya no podían ver la ruta. Ya ha habido 43 muertos y 61 herridos desde que empecé esta frase.

El número 2 de la lista es el bar y restaurante Chiringuito en Palm Beach en Málaga. Después de haber visitado todos estos monumentos, la emoción os hará dado hambre, y para desayunar un pequeño bar junto al mar me parece ser ideal. Pero aunque vosotros tenéis hambre de comida, sé que tenéis hambre de cultura también, y no estoy segura de si váis a ser capaz de tomar una pausa, ni siquiera para comer. Es porque os propongo un bar que también es un lugar mayor de la cultura española, el mundo entero conoce este bar. ¿No lo reconocéis?

Eh si, señores y señoras, es aquí que fue filmado el clip de la famosa canción de las Ketchup. Podréis aprovechar el ambiente de fiesta que emana de este lugar, mientras probando unas especialidades típicas. La particularidad de este restaurante es que sirve solamente platos que contienen ketchup. Podréis degustar su plato de pasta con ketchup, sus sushis con ketchup, o claro su paella con ketchup.

El restaurante también ofrece varias actividades, como fiestas de cumpleaños sorpresas cuando sirve su famoso pastel de ketchup; o karaokes donde la gente canta únicamente canciones del famoso grupo de música de las hermanas.

Últimamente, para el número uno del top de las mejores destinaciones de vacaciones, voy a ser generosa y daros 2 destinaciones por el precio de una. El barrio de Horta en Barcelona, y el ayuntamiento de Barcelona. ¿Cuál es la razón por la qué son interesantes esos lugares, me preguntáis? Bien, son lugares vinculados a una celebridad quien nació en la ciudad, y que tiene numerosos admiradores por el mundo, ¿podéis adivinar de quién estoy hablando? Estoy evidentemente hablando del gran Manuel Valls.

Si, como muchos, os inspira a Manuel Valls, podréis andar por Horta sabiendo que un día, sus pies tocaron las mismas piedras que vuestros. Es aquí que nació y que pasó su infancia, visitaréis los parques en los que solía jugar, las calles en las que solía correr, y finalmente el ayuntamiento en lo que solía trabajar.

No obstante cuídaos con la fecha de vuestro viaje, porque cada ano la mayoría de las tiendas cerran para el aniversario de su salida a Francia. Los habitantes de Barcelona están demasiado tristes para trabajar o salir de todo el día, lo que se entiende completamente.

En este momento está pensando el Vaticano en cambiar la ruta de la peregrinación de Santiago de Compostella para que pase por Barcelona, y que los peregrinos puedan meditar en este lugar que llegó a ser sagrado en cuanto nació en sus calles él que iba a representar un ejemplo para nosotros, Manuel Valls."
11jgnn5,1678056879.0,,Deeb4905,Streak 58: Monumentos que visitar (1),"Tengo que hacer una presentación para mi clase de español sobre el tema de la arquitectura española. Trabajo con 2 amigos, y mi parte es un top 5 de los mejores monumentos que visitar. Porque nos gusta bromar, decidimos hacer una presentación humorística, y decidí presentar monumentos falsos y que apestan. Aquí hay la primera parte de mi texto (publicaré la segunda parte mañana porque es demasiado largo para que escriba todo a la vez, ¡incluso en 2 partes es muy largo lo siento!). Pongo también las imagenes de los ""monumentos"" de los que hablo.

&#x200B;

Ahora que pudimos daros una visión de como la arquitectura espanola era una de las más grandes y magnificas del mundo, debéis estar pensando, oh, vaya que me gustaría ir a ver esos monumentos fabulosos con mis propios ojos. Pues para daros ideas de qué visitar durante vuestras próximas vacaciones en España, voy a presentar ahora 5 de los sitios mayores del país que lamentaríais nunca haber visto.

Empecemos con el número 5, el parquímetro de la calle de la Escuadra, en Madrid. Comenzamos con la capital y quizas la capital de la capital: en mi opinión no se puede decir que se ha visitado Madrid o España si no se ha visto aquello parquímetro. Algo que le hace parecer impresionante este parquímetro es que a pesar de su baja altura, se distingue imediatamente cuando se anda por la calle. Sus colores, su diseño, es una obra arquitectónica espectacular. Yo no tengo coche pero me da ganas de comprar uno sólo para tener la suerte de poner una de mis monedas dentro de la máquina.

Notamos también el entorno elegido para la instalación de la obra, los alrededores son como de ensueño. La basura a la izquierda, los frescos en las paredes añaden color a la escena, la tapa de alcantarilla justo delante como para anunciar la obra principal. Es como si todo había sido creado para realzar el parquímetro.

La historia oficial dice que fue instalado en 2009 a petición del ayuntamiento de la ciudad, pero algunos no creen que tal maravilla pudo ser creado por el ser humano, y que debía existir antes siquiera que se instalaran los primeros habitantes del país.

El número 4, la botella de la calle de Llafranc, en Barcelona. La historia de aquella botella es muy trágica, fue inaugurada en 1902 por el rey Rigoberto II de la Tortilla Quemada. Desde que era un niño, vivía con el traumatismo de la perdida de una botella de agua mineral sabor limón de la marca Fonteselva una mañana de otoño del año 1862. Para los 40 anos de su disparición en esta misma calle, una botella fue puesta aquí para que nunca los españoles olviden todas las botellas perdidas.

En realidad, una petición fue difundida para que fue inscribida la botella en el patrimonio de la humanidad, y en 1 semana recogió más de 50 millones de firmas. Preguntamos al autor de la iniciativa si pensaba que iba a funcionar, y respondió que si un «montón de piedras como la Alhambra o la catedral de Sevilla pueden figurar en la lista, sera muy fácil añadir la botella de la calle de Llafranc».

También fue aprobada una ley, los habitantes de Barcelona están prohibidos de tirar sus botellas en la basura, o deben pagar una multa de 170 euros. Las botellas se deben tirar en la calle. La ciudad parece a una obra colectiva con todas esas botellas, un mosaico a lo que podéis participar. Como con la Fontana di Trevi, pueden arrojar una botella y esperar que su deseo sea realizado. Desafortunadamente, por una razón desconocida, la ciudad de Barcelona es responsible para 74% de la contaminación mundial de plástico.

https://preview.redd.it/1h3slrby20ma1.png?width=1161&format=png&auto=webp&v=enabled&s=94eb2551c4c80b713f44e5e7f688d68f06c4a772

https://preview.redd.it/nn085o6030ma1.png?width=1161&format=png&auto=webp&v=enabled&s=8506c8f1e12d8600624df423097d6e8c16350793"
11ifw9k,1677970294.0,,Deeb4905,Streak 57: Otra canción infantil,"Ok sé que ""canciones infantiles"" ya era el tema de mi texto de hace 2 días, pero la inspiración escasea y no voy a ser exigente. Voy a hablar de lo que me está pasando ahora mismo por la mente, aquí hay otra traducción de una canción infantil francesa que los niños cantan dandose palmadas.

Tres pequeños gatos, sombrero de paja, felpudo, sonámbulo, boletín, estrépito, morabito, trozo de cuerda, silla de caballo, caballo de carrera, carrera a pie, casita, tierra de fuego, fuego fatuo, leche de vaca, vaca de granja, callate, boca de lobo, lobo de bosque, buzón, morra a tres, tres pequeños gatos...

Cada frase empieza con la última sílaba de la frase precedente, y aquella sílaba se debe decir 3 veces pero las escribí solamente una vez porque era demasiado largo. Esta canción contiene muchas palabras que no conocía, tuve que buscarlas y espero que no las olvide."
11hekg5,1677876775.0,,Deeb4905,Streak 56: Las calcetines de la archiduquesa,"¿Están las calcetines de la archiduquesa secas o archi secas? Es una pregunta que muchos se plantean en este momento, aunque el invierno ha llegado, y los pies a menudo están mojados. Algunos afirman que la archiduquesa tiene un talento especial para hacer que sus calcetines se sequen rápidamente, gracias a un sistema astuto de ventilación en su ropero. Otros pretenden que las haga secarse en el sol, o que las tienda en hilos previamente calentados. En cualquier caso, una cosa es segura: las calcetines de la archiduquesa todo el tiempo están impecables, y no sale nunca sin haber verificado que están perfectamente secas.

&#x200B;

Este texto es una traducción de un texto generado por ChatGPT. No lo uso, pero no tenía ninguna idea de sobre que escribir esta tarde y un amigo me propuso esto. Pequeña precisión, ¡la frase ""Están las calcetines de la arquiduchesa secas o archi secas"" es un trabalenguas muy famoso en francés!"
11ggiak,1677795409.0,,Deeb4905,Streak 55: Canciones infantiles,"Me encantan mucho las canciones infantiles, me parecen muy divertidas. Aunque ahora soy mayor, a veces canto canciones de cuando era niña y mis amigos suelan cantar conmigo. En el instituto, durante las clases que no me interesaban, había creado un programa informático cuya sola meta era mostrar la letra de canciones elegidas de forma aleatoria. Una de mis canciones favoritas debe ser *Was ist dein Lieblingsfach / Cuál es tu materia favorita,* muy famosa entre los que aprenden alemán :D

Voy a poner aquí la traducción de una canción de la que hablé con un amigo ayer: soy yo que la traduje, no va a ser una traducción muy bonita ni va a rimar. Se llama *Pirouette cacahuète / Pirueta cacahuete.*

&#x200B;

Había un hombrecito  
Piruete, cacahuete  
Había un hombrecito  
Que tenía una casa muy rara,  
Que tenía una casa muy rara.

Su casa es de cartón  
Piruete, cacahuete  
Su casa es de cartón  
Sus escaleras de papel,  
Sus escaleras de papel.

Si quieran subirlas  
Piruete, cacahuete  
Si quieran subirlas  
Se quebrarán la punta de la nariz,  
Se quebrarán la punta de la nariz.

El cartero las subió  
Piruete, cacahuete  
El cartero las subió  
Se quebró la punta de la nariz,  
Se quebró la punta de la nariz.

Se la remendamos  
Piruete, cacahuete  
Se la remendamos  
Con bonito hilo dorado,  
Con bonito hilo dorado.

El bonito hilo se rompió  
Piruete, cacahuete  
El bonito hilo se rompió  
La punta de la nariz despegó,  
La punta de la nariz despegó.

Un avión a reacción  
Piruete, cacahuete  
Un avión a reacción  
Atrapó la punta de la nariz,  
Atrapó la punta de la nariz.

Mi historia acaba  
Piruete, cacahuete  
Mi historia acaba  
Señores, señoras, aplaudan,  
Señores, señoras, aplaudan."
11flfnu,1677712366.0,,Deeb4905,Streak X: descanso,Descansito
11emi6v,1677624393.0,,Deeb4905,Streak 54: Aprender idiomas,"Me gusta mucho aprender idiomas. Creo que lo que me fascina es el hecho que es tan fácil hablar un idioma para hablantes nativos, tan intuitivo, tan natural, pero que es tan difícil aprender otros. Como si fuera un misterio que resolvar. Cuando encuentro algo difícil en una lengua, siempre me digo que debe ser que no lo estoy mirando de la propia manera. Si hay gente que hablan una lengua sin siquiera pensarlo, no debe ser tan difícil, ¿no?

&#x200B;

Estoy actualmente aprendiendo el español, el sueco, el chino mandarín y el ruso, y ahora ya hablo inglés y francés (mi lengua materna). Hay muchas otras lenguas que me interesan, cuando haya obtenido un buen nivel en español comenzaré a aprender otra."
11dinq3,1677521861.0,,Deeb4905,Streak 53: Estoy aburrida,"Estoy en clase y me aburro. Pues decidí escribir mi texto ahora, creo que va a ser la primera vez que escribo tan temprano. Habitualmente escribo a las 11 de la tarde, no puedo deshacerme de este hábito de escribir tan tarde, sólo no encuentro la motivación de escribir antes.

Es muy frustrante estar aburrida en clase, porque cuando comencé a estudiar, en esos momentos solía hacer los deberes para los días o semanas siguientes; ahora ya no puedo, todo lo que tengo que hacer necesita que use mi ordenador. Y no tomo mi portátil conmigo todos los días, pienso que es demasiado estorboso."
11cvon4,1677452599.0,,Deeb4905,Streak 52: Juegos que me encantan,"Ya hablé aquí de mi pasión por los quizes de geografía. Últimamente estoy aprendiendo las ciudades más grandes de cada país del mundo, porque a menudo sólo conozco las capitales. Juego mucho a Mamonosweeper también, que es una versión muy poco conocida de buscaminas. Me encanta también el videojuego *7 billion humans,* que es un juego de programación informática cuyos humor y estética son geniales. No he jugado desde hace un tiempo porque hay un nivel específico que no sé cómo hacer."
11by2to,1677365024.0,,Deeb4905,Streak 51: La piscina,"Hace unos días conté como me gustaría ir a nadar de nuevo. Me fui hoy, había pasado tanto tiempo desde que fui por última vez que mi suscripción había expirado. Me quedé ahí 1 hora, hasta que la piscina cierre. Tal vez vaya más temprano la próxima vez para que tenga más tiempo, pero lo he hecho a propósito ir tarde para evitar la multitud. Voy a intentar ir una vez a la semana, o los jueves después de las clases particulares que le doy a una chica o por los fines de semana si estoy demasiado cansada por los jueves."
11b4uqt,1677279679.0,,Deeb4905,Streak 50: ¡50 días!,"¡Hoy marca el quincuagésimo día de mi racha! Quiero aprovecharlo dando las gracias a todas las personas que usan su tiempo para ayudar a extraños a mejorar aquí. El español es un idioma que aprendo desde varios años, y aunque lo entiendo muy bien hago muchos errores más o menos tontos cuando hablo o escribo jaja. Todavía no estoy segura de cuándo debería usar el imperfecto del subjuntivo en otras situaciones que estructuras condicionales...

&#x200B;

Tengo que hablar más y más, y de verdad espero que en un futuro no demasiado lejano seré capaz de exprimirme sobre cualquier tema sin problema, es decir al menos un nivel C1. Pues gracias a todos, particularmente a u/RhodiumElement y u/ExpatriadaUE que corrigieron muchos de mis textos y que parecen estar muy presentes en este sub :)"
11ablwd,1677193407.0,,Deeb4905,Streak 49: Creación de una API,"Hoy no sé sobre que escribir, entonces voy a hablar un poco del proyecto sobre lo que estoy trabajando ahora.

&#x200B;

Tengo que realizar una API, o *Interfaz de Programación de Aplicaciones*. Permitirá comunicarse con una base de datos en la que serán almacenados datos de temperatura y de consumo eléctrico de varias máquinas industriales. A través de un sitio web, usuarios podrán visualizar esos datos, y seleccionarlos según criterios de fecha para analizarlos por ejemplo. Por eso, uso el lenguaje de programación PHP que es muy corriente en las aplicaciones web pero que nunca había utilizado hasta hace unos meses."
119fz2x,1677104849.0,,Deeb4905,Streak 48: Orígenes de palabras,"¿Sabíais que varias palabras comunes originalmente no querían decir nada?

&#x200B;

* A menudo se dice que ""Wi-Fi"" viene de *Wireless Fidelity*, o *fidelidad inalámbrica*. En realidad, sólo es una referencia y un juego de palabras con *Hi-Fi, High Fidelity* o *Alta fidelidad*; aunque hoy en día está tan extendida esta origen que incluso los propietarios de la marca empezaron usarla.
* *SOS* no es un acrónimo de *Save Our Souls/Salven nuestras almas*, esta serie de letras fue solamente elegida porque es muy fácil de reconocer en código morse: tres puntos, tres rayas, y tres puntos. Ese tipo de atribución tardiva de significado a un acrónimo se llama un ""retroacrónimo"".
* El nombre de la marca de helado *Häagen-Dazs* no significa nada. Los inventores, que eran polaco-estadounidenses, querían encontrar algo que sonaba danés. Eligieron ""Häagen-Dazs"", lo que no significa nada en danés. La letra *ä* ni siquiera existe en la lengua."
118h9qd,1677018902.0,,Deeb4905,Streak 47: El autobús,"Estoy ahora mismo en el autobús para volverme a casa después de haber pasado unos días con mi familia. Estaré en el autobús toda la noche, espero que logre dormir un poco porque tengo que volver a clase por la tarde. Habrá pronto una pausa de 2 horas durante la que tendré que cambiar de autobús, me mantendré ocupada andando por la estación."
117n6rv,1676933507.0,,Deeb4905,Streak 46: La pizza de verduras,"Esta tarde he cenado con miembros de mi familia que no había visto desde años. Querían comer pizzas y las ordenaron antes de que mi madre, mi hermana y yo llegáramos. Porque soy vegana, decidieron pedirme una pizza de verduras. El problema es, odio las verduras. Toda la pizza era llena de esas, pimientos, setas, cebollas, olivas... Mi abuela también había cocinado una ensalada de endivias. Logré comer la mitad de mi pizza, pero dejaré a mi madre comer el resto mañana. Si me hubieran avisado más temprano, habría podido ir a una tienda que conozco y que no está lejos y llevar mi propia pizza conmigo. Cuando me volví a casa, como todavía tenía hambre, comí unos trozos de chocolate."
116qg6k,1676846936.0,,Deeb4905,Streak 45: El doble indirecto,"(Es mi secundo post con el número 45, porque usé un día de descanso ayer)

&#x200B;

Algo que descubrí muy tarde en mi aprendizaje del español es lo que voy a llamar el doble indirecto. No me sorprendría si haya un término específico, pero no lo conozco. Es el hecho de usar un objeto indirecto en una frase, y también un pronombre. Por ejemplo: *Le doy un lápiz a Marco*. Sería correcto solamente decir *Doy un lápiz a Marco* o *Le doy un lápiz*, pero es muy corriente poner los dos en español. A veces puede sonar mal usar una sola opción.

Es algo que nadie no me explicó nunca, ni en el colegio, ni en el instituto, ni en la universidad. Es muy raro, porque es muy presente en la lengua, y no me parece muy difícil que entender. Me hubiera gustado tener conocimiento de eso más temprano, porque hoy aunque conozco la regla no es instintivo para mi usarla y me equivoco mucho."
115us2f,1676761320.0,,Deeb4905,Streak 45: descanso,Hasta mañana
114ywxd,1676671287.0,,Deeb4905,Streak 44: Retornar la natación,"No soy muy buena con el deporte ni me gusta mucho en general, pero la natación es uno de los raros deportes que me encantan. Paré nadar al principio de la pandemia, me dio miedo estar con tanta gente en la misma piscina. Me gustaría volver a nadar, ahora tengo que encontrar tiempo en mi agenda... Un problema es que me resulta difícil no pensar en nada, siempre tengo que solicitar toda mi concentración. Claro no podré tomar mis auriculares comingo, no sé en que piensan la gente que hacen ejercicio regularmente."
1142o4q,1676585468.0,,Deeb4905,Streak 43: Sabores de helado,"Es una historia que acabo de recordar. Algún día fuimos a un restaurante con una amiga, y vimos que en la carta de los helados habían los sabores ""vinagre balsámico"" y ""chili con carne"". Nos pareció muy especial eso, y decidimos elegir sabores más clásicos. Lo lamento un poco, porque la vez siguiente cuando nos volvimos, ""chili con carne"" todavía estaba en la carta pero ""vinagre balsámico"" había desaparecido. Preguntamos al camarero por qué, y nos respondió con mucha sorpresa que nunca había existido este sabor. Los amigos que estaban con nosotras no nos creyeron, ¡pero nosotras sabemos que es real!"
113b28m,1676501647.0,,Deeb4905,Streak 42: ¡Rápido!,"Hace unos días que tengo mucho que hacer por la tarde y que me vuelvo tarde a casa. Por eso escribo mi post muy rápidamente justo antes de medianoche, para que no pierda mi racha. Por ejemplo, ahora son las 23h54 cuando posteo esto. A partir de mañana podré normalmente escribir un poco más temprano, espero que no haya tomado el hábito de escribir tarde... Me conozco, puedo totalmente hacer nada en todo el día y empezar a entrar en pánico a las 11 de la tarde porque realizo que tenía mucho que hacer. Debería corregir este comportamiento, me ahorraría mucho estrés."
112ipkz,1676415395.0,,Deeb4905,Streak 41: Anécdotas,"Aquí hay algunas anécdotas sobre fechas de creación de unos objetos:

&#x200B;

La primera vez que alguien fue a la Luna fue en 1969; la primera maleta con ruedas fue creada en 1970.

La reina Isabel II del Reino Unido nació en abril de 1926, y el pan rebanado fue comercializado por primera vez en julio del mismo año.

Los encededores son más antiguos que los fósforos (aunque tenían otra forma)."
111mjur,1676328550.0,,Deeb4905,Streak 40: Perderse por la playa,"Esta tarde mi madre ha querido mostrarme un lugar donde se puede alquilar barcos por unas horas. Ya había venido aquí, pero era hace 1 año y no recordaba bien dónde estaba. Además ya era la noche, y no podíamos ver muy bien. No encontramos la tienda, entonces decidimos sólo pasear por la playa y probar de nuevo mañana. El agua y la arena eran muy frías pero aún decidí quitar mis zapatos para que no tenga arena dentro de ellos."
110su0x,1676242654.0,,Deeb4905,Streak 39: Paseo por la ciudad,"Mi madre y yo estamos en una ciudad que no conocemos. Como teníamos tiempo esta tarde, me propuso que tomemos el tramvía para ir a la plaza principal. Visitamos las calles alrededor, y comimos un helado anque somos en febrero. Queríamos comprar churros, pero la cola era demasiado larga. Volvimos a casa a las 7, donde vimos la pelí *Les Choristes/Los chicos del coro* que estaba pasando en la tele."
10zzod2,1676154131.0,,Deeb4905,Streak 38: Texto rápido,"Hace 2 días que no tengo mucho tiempo para escribir mi texto, es la razón por la que usé un día de descanso ayer. Entonces mi texto será muy rápido hoy: he pasado 5 horas en el coche para ir a visitar a mi abuelo. Le veré mañana. El apartamento que alquilé es más pequeño que lo que parecía en las fotos, pero es aceptable.

Es la primera vez que escribo aquí en mi teléfono, suelo utilizar mi ordenador; es muy agradable que los acentos se añadan automáticamente con el corrector ortográfico, ¡pero espero que no añada errores!"
10z4n9y,1676067445.0,,Deeb4905,Streak X: Descanso,¡Hasta mañana!
10y8qzu,1675982771.0,,Deeb4905,Streak 37: Vacaciones,"Mañana será el principio de mi semana de vacaciones. Mi madre me dijo que iríamos vistar a mi abuelo, que vive cerca del mar y de España. Aprovecharamos de la oportunidad para ir a España alguna tarde, y será la primera vez para mí. Y encima hace mucho tiempo que no vi a mi abuelo, la última vez fue hace 4 años. No fuimos a la playa aquella vez, así que debe hacer desde 6 años, o más, que no vi el mar. No me gustan mucho el sol, la arena o la multitud, pero ahora en febrero será más calma la playa. Extraño sentarme en la playa sólo con el ruido de las olas."
10xdhfr,1675896553.0,,Deeb4905,Streak 36: Nueva palabra,"Hoy voy a presentar una palabra muy común, pero que no conocía antes sin embargo. La palabra del día es: agujero.

Me doy cuenta de que es difícil definir 'agujero' sin usar la palabra jaja. Con la ayuda de un diccionario, es una abertura que se forma en una superficie o que la atraviesa de un lado a otro. Aquí es una frase que usa la palabra 'agujero' y también la palabra de la que hablé la última (y primera) vez: empujar.

Esta mañana alguien me empujó y mis llaves cayeron en un agujero.

¿Quizás continúe este texto con otras palabras en el futuro, y haga una historia?"
10wfhlo,1675809535.0,,Deeb4905,Streak 35: Sopa,"Este mediodía he comido sopa con lonchas de pan. Era un nuevo sabor de una marca que compro todo el tiempo, y estoy un poco decepcionada. Hay pedazos de verduras que no me gustan, prefiero cuando la sopa es totalmente líquida. Tengo que terminarla para cenar, y después sé que no voy a comprar este sabor de nuevo. Pero no importa, porque mañana cocinaré pasta con salsa y queso y sé que va a ser mucho mejor. Hago a menudo demasiado pasta, pero porque me encanta mucho este plato siempre logro a comer todo."
10vks45,1675723732.0,,Deeb4905,Streak 34: El experimento de Asch,"En 1951, el psicológico Solomon Asch realizó un experimento sobre el conformismo social. Reunió a varias personas en una sala, las muestró una primera línea y 3 otras al lado. Les preguntó cuál de esas era de la misma longitud que la primera, y como la diferencia de longitud era muy larga la respuesta era muy simple. Pero en realidad, sólamente 1 de esas personas era realmente el cobaya; los otros eran cómplices.

Al comienzo todo el mundo dió respuestas correctas, y después de un tiempo algunos comenzaron a equivocarse. Una persona, y luego dos, tres... Hasta que todo el mundo dé la misma incorrecta respuesta. El experimento muestró que aunque el cobaya sabe que los demás se equivocan, la mayoría de la gente van a responder igual a sus compañeros para ajustarse al grupo."
10uooyj,1675634006.0,,Deeb4905,Streak 33: Buscar un apartamiento,"Voy a mudarme a otro país en unos meses y tengo que encontrar un apartamiento. Es la primera vez que lo hago y no se exactamente cómo. Hay muchos anuncios en internet, y tengo que considerar el precio, la situación geográfica, las personas con las que potencialmente tendré que compartir el apartamiento, las instalaciones disponibles... Tengo miedo de olvidar algo importante o de estar estafada. Mudarse en un nuevo país donde no se habla la lengua es bastante estresante, no necesito más problemas... Y después de encontrar un apartamiento, necesitaré viajar con todo mi equipaje a través del continente."
10tt0nb,1675549072.0,,Deeb4905,Streak 32: Anécdota,"Unas anécdotas sobre *Frozen:*

&#x200B;

* *Frozen II* fue la primera secuela de una película de princesas de Disney. *Mulan II, El jorobado de Notre Dame II* etc. fueron vendidos directamente en DVD o casetes.
* La escena en *Frozen II* donde Olaf está buscando a alguién llamada ""Samantha"" fue totalmente improvisada por el actor.
* Última anécdota, aparentamente, los nombres ""Hans, Kristoff, Anna, Sven"" fueron elegidos porque cuando se pronuncian rápidamente, suenan como ""Hans Christian Andersen"", el nombre del autor del cuento que inspiró a Disney. No sé si es verdadero, pero son las 11 de la tarde y no tengo ganas de verificar seriamente jejeje"
10sxfsq,1675463569.0,,Deeb4905,Streak 31: Duolingo,"¡He terminado el curso de sueco de Duolingo! Lo empecé en septiembre. Habría podido ser más corto si hubiera practicado más; nunca perdí un día, pero a veces sólo hacía una lección o dos. Ahora no sé si debería comenzar otra lengua (me interesa mucho el ruso por ejemplo, me gustaría aprender esta lengua algún día) o si mejor debería seguir focalizarme en el sueco. Duolingo no permite hacerse bilingüe, da bases muy útiles que permitirán entender nociones más complicadas pero su meta no es ser la única herramienta usada por aquellos que quieren estudiar una lengua. Ahora voy a mirar videos en sueco, lo que me permitirá hacerme más cómoda entender el acente etc, así como descubrir más vocabulario y expresiones usadas ""en la vida real"" y que Duolingo no me enseñó."
10s2nto,1675376186.0,,Deeb4905,Streak 30: Perdí el autobús,"Tenía mucho que hacer hoy. Tenía clase por la mañana, una cita a las 3 de la tarde que necesitó una duración de trayecto de 1 hora, y tenía que ir de compras después. A las 6 fui a la parada de autobús para regresar a casa. Después de esperarlo 30 minutos llegó finalmente, pero no sé porqué no se detuvo. Decidí ir a pie porque habría sido más largo esperar el próximo, aunque estaba cansada y tenía bolsas con lo que había comprado al supermercado."
10r578n,1675283364.0,,Deeb4905,Streak 29: Mi post de ayer,"Ayer utilizé por primera vez un día de descanso. Me decepciona un poco que tuviera que usarlo, habría preferido escribir un texto normal pero no tenía ninguna idea. Me encanta mucho este sub, pero es un esfuerzo muy grande de pensar cada día en un tema diferente. Yo soy alguien que pirde facilmente su motivación, y me molestaría abandonar mi streak. Se imagina a menudo que ""tema libre"" es una instrucción muy fácil que seguir, pero en realidad es el contrario. Cuando es demasiado largo, me encuentro bloqueada y voy a reflexionar horas y horas sobre lo que puedo decir."
10qcbcm,1675203547.0,,Deeb4905,Streak X: Descanso,"No estoy segura de si tengo que continuar el número de mi streak para los días de descanso, pues voy a poner X"
10pe2wb,1675112868.0,,Deeb4905,Streak 28: Torres de espaguetis,"Hoy en clase, una profe nos pidió construir una torre de espaguetis en grupo de 5 personas. El objetivo era hacernos comunicar y colaborar. Como material solo teníamos cinta adhesiva y un único malvavisco. No soy muy talentosa o hábil con mis manos, y el resto de mi grupo no era mucho mejor que yo, pues nuestra torre no era ni muy sólida ni muy alta. No fue mi clase favorita, pero tengo que admitir que es bastante agradable tener un momento en el día donde se puede descansar un poco. Es un cambio de las otras materias."
10okelu,1675030632.0,,Deeb4905,Streak 27: Ideas,"Me cuesta mucho encontrar ideas de textos todos los días. Cuando descubrí este sub, me dí que nunca utilizaría el día de descanso que podemos usar cada semana. Quiero aprender el español lo más rápido posible, y sé que lo que me falta es principalmente la práctica. Pero mi vida no es muy palpitante, y regularmente no tengo nada que decir. Me pregunto si al final no voy a usar mi día de descanso uno de estos días porque incluso cuando leo textos de otros WriteStreakers no me viene la inspiración."
10nqslh,1674943171.0,,Deeb4905,Streak 26: Mi cama,"Hoy, porque es sábado, he pasado mucho tiempo en mi cama. Creo que por los fines de semana me levo casí únicamente para comer. A veces me digo que debería levantarme más, andar un poco, pero hoy no he tenido el coraje porque hace demasiado frío y mi cama es tanto cómoda. Además, tengo tanto poco tiempo entre semana que es algo que sólo hago los sábados y domingos. Casí me paso todo el día mirando streams o jugando a videojuegos."
10myahq,1674858974.0,,Deeb4905,Streak 25: Reunión,"El último martes o miércoles conté que había tenido una reunión a la que mi colega nunca venió, y que debíamos encontrar una fecha de nuevo. La reunión se desarrolló hoy, y finalmente llegó mi colega: después de 1 hora. Me envió el enlace de la reunión a la buena hora, pero no realizó que tenía que aceptarme para que entrara. Y eso a pesar de los varios e-mail que le envié para explicárselo y que no consultó... Tomó una hora para que comprenda.

Además, si mi colega no me dio plantón esta vez, era la tercera persona que no venió y que no logramos contactar. Decidimos continuar sin él, porque mi tiempo no es infinito y no puedo pasar horas delante de mi pantalla esperando a gente que nunca vendrá."
10m4wtm,1674773097.0,,Deeb4905,Streak 24: Anécdota,"La guerra más corta del mundo duró 38 minutos y se desarrolló el 27 de agosto de 1896. El archipiélago de Zanzíbar pertenecía a Gran Bretaña, mientras manteniendo una cierta independencia. Cuando murió el sultán su hermano le sucedió, pero eso no le gustó a Gran Bretaña. Anunció que si no abdicara, declararía la guerra al territorio. El nuevo sultán decidió encerrarse en su palacio en lugar de abdicar, y la guerra empezó a las 9:02. 38 minutos después, a las 9:40, el sultán se rendió y la guerra acabó. 500 personas murieron del lado de Zanzíbar, y solamente 1 persona fue herida del lado británico."
10l8mli,1674678119.0,,Deeb4905,Streak 23: Nueva palabra,"Hace unas semanas ví un post donde alguien había decidido presentar y definir una nueva palabra que había descubierto, y pensé que era una muy buena idea. Así voy a hacer lo mismo con la palabra *empujar*.

""empujar"" algo significa moverlo ejerciendo presión contre él. Es una palabra muy simple y me sorprende mucho que nunca hubiera necesitado emplearla, me parece que es una de las primeras palabras que se debería aprender."
10kg5cr,1674594110.0,,Deeb4905,Streak 22: No pude dormir tarde esta mañana...,"Habitualmente, el martes, tengo clase desde las 8 hasta las 7 y media por la tarde. Hoy estaba contenta, porque no tenía nada por la mañana, ¡iba a poder dormir un poco! Pero ayer una reunión se organizó a las 9, no estaba muy feliz de esto pero me dije que podría acostarme unas horas de nuevo después.

Esta mañana me he despertado, me he conectado a la reunión, y a las 9:15 mi colega todavía no había llegado. Es cuando me di cuenta de que era Inglesa, ¡solo estaban las 8 para ella! Entonces me quedé esperando, pero nadie vendrá. A las 9:30 para ella, o 10:30 para mí traté de contactarla pero nunca respondió. Me ha enviado un e-mail después para que se disculpe y para reprogramar una cita, pero dentro de 2 semanas será demasiado tarde así que espero que encontremos una fecha pronto."
10jp0h6,1674511610.0,,Deeb4905,Streak 21: ¡He encontrado una práctica!,"¡Yuju! Mi escuela nos pide hacer prácticas en el extranjero a partir de la primavera de este año. Busco una empresa desde octubre o noviembre, y cada vez recibí una respuesta negativa. Comenzaba a ponerme preocupada porque la fecha se acerca.

Hay una empresa con la que hablo desde unas semanas, y hoy tuve una videollamada con la persona con quién hablé por e-mail. Al fin de la reunión me dijo que pudiera enviarle el documento para que le firme. Así todavía se puede pasar algo que cancelería todo, y no quiero estar demasiado confiada y después decepcionada, pero hasta ahora todo va bien. Normalmente, dentro de algunos meses, ¡estaré en Suecia!"
10itx69,1674420798.0,,Deeb4905,Streak 20: Comida rápida,"Ayer fui a mi restaurante de comida rápida favorito. Es un restaurante vegano increíble. Cada vez que voy, tomo la misma cosa: un hamburguesa con un bistec, lonchas de tocino, queso, lechuga y tomates. Normalmente hay cebollas y pepinillos también, pero no me gustan así que pido que les quiten. También tienen una receta con pesto, otra con mantequilla de maní (el propietario es de Londres, donde es muy común), y bruschettas.

Tomé mi comida para llegar porque es un restaurante muy pequeño y era completamente lleno. Quería tomar un helado de postre, que son firmes y deliciosas, pero no quería tomar el riesgo que derrita de camino a mi casa. Pues tomé un brownie, que era muy bueno sin embargo."
10i3epo,1674339683.0,,Deeb4905,Streak 19: Slang,"Me doy cuenta de que desde que aprendo el español, en el instituto o en la universidad, sólo he aprendido el idioma ""de los libros"", como se debería hablar y nada más. Es hora de que aprenda la lengua que realmente es hablada por la gente, las expresiones y el ""slang"".

&#x200B;

Hoy he aprendido dos expresiones:

* ""en plan"", que equivale al inglés ""like"" o al francés ""genre"". Son palabras e interjecciones que uso mucho, me sorprendo que no conociera la traducción española antes.
* ""en la que"", que quiere decir ""tan pronto como"". Es una expresión muy útil para saber.

&#x200B;

En mi opinión, cuando aprendes una lengua, es importante conocer varias maneras de decir cosas porque después puedes elegir lo que te gusta mejor. Nadie habla de la misma manera, incluso en tu lengua materna; las palabras, expresiones, etc que elijes muestran en parte tu personalidad. Es importante ser capaz de decir exactamente lo que se te viene a la mente, en lugar de tener que encontrar otras frases que no corresponden a tu manera de hablar."
10hbgk2,1674255154.0,,Deeb4905,Streak 18: Estoy enferma,"Hoy me siento enferma. Toso un poco, tengo frío, estoy cansada, y todo mi cuerpo me duele. Tengo las piernas cansadas y no puedo encontrar ninguna posición confortable. Me costó cenar hace un rato, tengo hambre pero mi estómago no me deja tragar cualquier cosa. Tomó una siesta esta tarde, pero pienso sin embargo que iré a dormir temprano. Hace 2 días que mis textos son muy cortos, y espero que encuentre inspiración pronto, pero hoy no tengo ganas de reflexionar mucho."
10gfe1j,1674167494.0,,Deeb4905,Streak 17: Anécdota,"Una anécdota rápida hoy: la diferencia de huso horario más grande del mundo es de 3h30, entre China y Afganistán. China tomó la decisión de tener el mismo huso horario en todo su territorio, el de Pekín, que se situa en el extremo este del país. En el extremo oeste, en la frontera con Afganistán, el huso horario que debería ser difiere de 3h30."
10fiyfx,1674077666.0,,Deeb4905,Streak 16: ¡Nadie sabe escribir mi nombre!,"Tengo un nombre que no es muy común, pero que no es raro tampoco. En cambio, lo que es muy raro es su ortografía. Nadie he conocido a alguien cuyo nombre se escribía de la misma manera que el mío. La gente me pregunta a menudo si es mi verdadero nombre o si es sólo un seudónimo.

Cada vez que digo mi nombre a alguien por primera vez le deletreo, al médico o para razones administrativas por ejemplo. He comprado una pizza hoy, y se debe dar su nombre al empleado para el pedido. El nombre apareció en la pantalla del restaurante, ¡y no era correcto! No es la primera vez que me pasa algo así. No sé lo que tendría que hacer, !no es como si era muy largo o difícil¡ En realidad estoy acostumbrada a tener mi nombre mal escrito. No me molesta demasiado, pero no entiendo como se puede pasar tanto eso. ¿No escucha la gente?"
10epirj,1673994158.0,,Deeb4905,Streak 15: El restaurante chino,"Hoy nos hemos ido al restaurante con mi clase de chino. Las clases terminan en marzo, y después no sabemos cuando podrémos volver a vernos pues decidimos ir al restaurante juntos.

Fue la primera vez que me fui en un restaurante chino, me fui en un pequeño café una vez y tomé un té al melocotón pero el no me gustó mucho. También usé palillos por primera vez, !y aunque ahora sé sostenerlos mi mano se cansa rápidamente¡ El restaurante era muy pequeño, y nuestro grupo de 12 personas llenaba casi enteramente la sala.

He comido un bol de arroz y un plato de fideos y legumbres. Era delicioso, me encantó particularmente la salsa con los fideos. Fue una noche muy agradable."
10dsm4o,1673904298.0,,Deeb4905,Streak 14: Quizzes,"¡A mi me encantan mucho los quizzes! Paso mucho tiempo tomando pruebas de geografía. Regiones de Francia, España, Mexico o los EEUU, países del mundo y capitales, banderas etc. Mis sitios web favoritos son JetPunk y Seterra, se encontran muchos quizzes sobre numerosos temas ahí. Me entreno mucho, mi récord en ""países del mundo sin 20 países aleatorios"" en JetPunk es de 16 secundos, es un quiz donde vemos un mapa del mundo del que estuvieron eliminados 20 países aleatorios que debemos encontrar y escribir lo más rápido posible.

Aunque son en mayoría quizes de geografía me gustan otros también: matemáticas con cálculo mental rápido, química con la tabla periódica de los elementos, pero también cosas que jamás no me serán útiles: como la lista de los 100 nombres más llevados o la lista de las palabras formadas de 5 letras. Si un día mi vida depiende de la definición de *Kylix*, estoy lista."
10cxdcc,1673822574.0,,Deeb4905,Streak 13: Procrastinación,"Entre semana me despierto, voy a la universidad, y me vuelvo sólo por la tarde. Por eso suelo hacer todas mis tareas muy tarde: los deberes, las tareas domésticas... no tiengo el tiempo de hacerlos durante el día. El problema es que ahora estoy productiva unicamente por la tarde incluso cuando tengo mucho tiempo durante el día. Hoy es domingo, no hice nada de mi día, y entre las siete y ahora he practicado mi Sueco, he hecho mis deberes, ahora estoy escribiendo aquí porque será pronto medianoche y no quiero perder mi streak, y ya tengo que cenar, ducharme, y preparar mi día de mañana antes de ir a dormir. Mañana será un día muy largo, espero que no sea demasiado cansada a causa de mis malos hábitos..."
10c1we8,1673734257.0,,Deeb4905,Streak 12: Tallas de ropa,"Esta tarde me he ido de rebajas. La perioda de rebaja empezó hace 3 días, y porque tuve la buena idea de irme en el sábado, había muchísima gente. Estaba muy contenta cuándo me volví a casa después : había visitado 4 tiendas, también el supermercado porque tenía unas cosas que comprar, y mi espalda me duele mucho cuando camino demasiado.

He comprado 1 pantalón y 2 camisas. No es mucho para 4 tiendas, ¿no? Era buscando pantalones, y tengo 3 problemas : problema 1, soy bastante gorda. La mayoría de los artículos existen en mi talla, pero no todos, y cuando la tienen, sólo tienen algunos ejemplares y son rápidamente comprados. Problema 2, soy pequeña, y camino sobre las piernas de numerosos pantalones. Problema 3, ¡las tallas nunca son las mismas! Una vez, compré 2 pantalones en la misma talla, en la misma tienda. Una la podía llevar sin problema, la otra no pasaba más allá de mis muslos. No se puede comprar ropa facilmente, se debe probar cada prenda. ¡Todo sería más fácil si las tallas fueran universales, y de dimensiones fijas!"
10b7x2l,1673649743.0,,Deeb4905,Streak 11: Anécdota,"La semana pasada conté cómo me era difícil encontrar temas cada día, y cómo decidí contar una anécdota cada vez que no encontrara ideas.

&#x200B;

La anécdota del día es que en la primera película *Iron Man*, al principio es secuestrado el héroe por secuestradores afganos. Les oímos hablar urdu en varias escenas, y ya que Tony Stark no entiende la lengua no la entendemos tampoco, no hay subtítulos.

En realidad están revelando el guión de la pelí, lo que significa que si una persona que habla urdu ve la película se arruinará la continuación.

&#x200B;

(Quería emplear el verbo ""to spoil"" : *una persona que habla urdu se spoilerá la continuación,* pero no sé si en español se puede usar la palabra *spoil* sólo como nombre o como nombre y verbo ambos)"
10acdnv,1673561389.0,,Deeb4905,Streak 10: la Luna,"Todos los jueves doy clases particulares a una chica de 12 años. Hoy tenía un deber sobre las fases lunares, de las que voy a hablar aquí para usar vocabulario específico que jamás no me sera útil.

El Sol emite radios de luz en todas las direcciones. A causa de que la Luna giré alrededor de la Tierra, hay veces donde se situa entre el Sol y el planeta, y no podemos verla porque el lado que vemos no es iluminado; y hay veces donde se situa detrás de la Tierra, recibe la luz del Sol de frente y podemos verla. Hay 8 fases sucesivas :

&#x200B;

\- la Luna nueva, es totalmente invisible

\- la Luna menguante, sólo un cuarto de la Luna es visible

\- el cuarto menguante, la mitad del astro es visible

\- la Luna gibosa menguante, los tres cuartos de la Luna son visibles

\- la Luna llena, es completamente visible

\- la Luna gibosa cresciente, similar a la Luna gibosa menguante sino que es simétrica

\- el cuarto cresciente, simétrico al cuarto menguante

\- y la Luna cresciente, simétrica a la Luna menguante"
109i72e,1673476450.0,,Deeb4905,Streak 9: Teatro,"En noviembre decidí inscribirme en una compañía de teatro con un amigo. He hecho teatro antes en el instituto, y me gustaba la experiencia. Pero aquí el grupo como las actividades no me gustan tanto, me aburro mucho. Tengo la impresión de dar vueltas. Además no conozco nadie ahí, mi amigo se dio cuenta al último momento que su agenda no era compatible. Me gustaría dejar de ir, pero el problema es que la obra que presentarámos necesita 6 actores y somos exactamente 6, causaría problemas si me fuera. No es la primera vez que me pongo en una situación difícil por mí mismo, no sé como lo hago..."
108mowa,1673388716.0,,Deeb4905,Streak 8: Glass Onion,"Veo casi nunca películas. Pienso que son demasiado largas, es raro que pueda mantener mi atención durante la duración entera de la película. Pero este fin de semana ví *Glass Onion*, la secuela de *Knives Out* que salió en 2019. No tenía ganas de verla, pero mi padre la estaba veando y quedé con él mientras estaba en mi teléfono. Terminé por dejarlo porque la pelí era muy interestante y divertida, la historia era muy inteligente y la escena final era fantástica. Conocía Daniel Craig soló a través de James Bond y ya que no me importa James Bond, el actor no me interesaba tampoco. Pero ahora que he visto que podía jugar otros tipos de personajes, y tan interesantes y entrañables que Benoit Blanc, pienso que voy a prestar mas atención a lo que hace."
107r5sl,1673300920.0,,Deeb4905,Streak 7: Tareas domésticas,"Hoy tengo que lavar los platos antes de cenar. No me gusta eso, toma tiempo, el agua nunca tiene la propia temperadura, siempre hay agua en todas partes cuando me acabo... No me gusta lavar los platos y, para ser sincera, no me gustan la mayoría de las tareas domésticas en general. El lavado por ejemplo, siempre tengo miedo de que los colores de mi ropa se vayan a mezclar, y no tengo bastante ropa de cado color para separarlos en varias cargas.

Lo único que no me molesta son las compras, me encanta pasear por la tienda, pensando a lo que podría comprar o cocinar. Con música en las orejas no me molesta nadie y puedo andar como quiera."
106v516,1673213954.0,,Deeb4905,Streak 6: Anécdota,"Siempre me cuesta encontrar temas sobre los cuales escribir, sabía desde el principio que iba a ser un problema para mí encontrar ideas todos los días para escribir aquí. Me sorprende que haya logrado encontrar temas durante 5 días (pues, 4, el primer día era solamente un texto básico para decir hola).

&#x200B;

Hace 2 años mi profe de inglés nos dio como tarea escribir un texto en inglés todas las semanas sobre nuestra vida y les iría a corregir. Contarla nuestro fin de semana, mostrarla fotos de nuestras mascotas, hablar de nuestros hermanos y hermanas... lo que queríamos. Pero a mí no me gusta hablar de mi vida personal con gente que apenas conozco, ¿cómo es que todos los profes de lenguas no tengan ninguna noción de privacidad y que sean sumamente extrovertidos, eh? Por eso decidí contarla cada semana una anécdota que hubiera encontrado. Entonces tengo ahora una gran lista de anécdotas que duermen. Voy a escribir aquí una de ellas cada vez que no tendrá nada que contar, empezo hoy :

&#x200B;

Los caramelos M&Ms fueron creados en 1935 en los EEUU, cuando se inspiraron de soldates Españoles que, para impedir que se derrita el chocolate, solían cubrirle con azúcar. Espero que les encantara esta primera anécdota"
105zknf,1673125309.0,,Deeb4905,Streak 5: Estoy cansada,"Últimamente estoy muy cansada. No sé porqué, quizás se debe a Nochevieja dónde me acosté muy tarde, pero usualmente no necesito una semana entera para recuperar. Hace tres días dormí 11 horas, cada día cuando me vuelvo de la universidad me tomo una siesta, y esta tarde he dormido 3 horas aunque me había despertado unas horas antes. Espero que no dure, porque me deja menos tiempo para hacer otras cosas."
1053d3m,1673034079.0,,Deeb4905,Streak 4: Batalla naval,"Estudio la informática. Hoy en clase empezamos un proyecto de código dónde debemos implementar el juego de batalla naval. Aunque es sólo el principio pienso que me va a encantar este proyecto porque el nivel requerido me convine exactamente : sé que soy capaz de hacerlo y que no será demasiado difícil, pero que no será demasiado simple y poco interesante.

Además es un trabajo de grupo, y usualmente no me gustan esos : prefiero trabajar por mí mismo y que todo sea bajo mi control, me resulta muy difícil y agotador trabajar con gente con quién no tengo la misma visión. Pero aquí, por suerte, las personas que me fueron asociadas aleatoriamente son personas con quién me llevo muy bien, sé que la comunicación no causará problemas.

La única cosa que potencialmente será difícil es que el juego no se jugará localmente sino usando internet y una API. Nunca he hecho una de esas, espero que saldrá bien porque es necesario comprender el funcionamiento de las APIs y ser capaz trabajar con ellas cuando se trabaja en la informática."
1047a16,1672945943.0,,Deeb4905,Streak 3: Quería tener un horno,"Hoy me he ido de compras. He comprado, entre otras cosas, chocolate para hacer mugcakes y patatas fritas que se preparan al microondas. Cada vez que me voy quiero comprar patatas fritas de mejor calidad, pero todas necesitan una freidora o un horno, y porqué soy estudiante, vivo en un piso muy pequeño que solamente tiene placas eléctricas. Hay muchas cosas que no puedo comprar, como patatas fritas o pizzas, o todo lo que necesita un horno en general. Cuando vuelvo a casa de mis padres aprovecho el suyo y cocino platos que sino no pudiera. La última vez que me volví, hice un gratín y un tronco de Navidad. Me encantaría tener un horno, pudiera comer lo que quiero y cocinar platos ""complicados"" más regularmente."
103cgzk,1672860423.0,,Deeb4905,Streak 2: ¿Conocéis el Mao?,"Cuando tenía 15 años unos amigos me hicieron descubrir el juego de naipes que se llama el Mao. No lo juego a menudo porque es un juego muy exigente y largo, que necesita mucha concentración, y que puede ser bastante frustrando lo tengo que admitir. Le he aprendido a algunos de mis amigos, pero solo le gusta a dos de ellos. En Nochevieja nosotros tres querían jugarlo, pero los otros perferieron hacer algo diferente. Esas son las reglas (simplificadas):

Se juega con cartas regulares.

\- al inicio de un partido cada jugador tiene tres cartas. Se puede jugar una carta según las mismas reglas que en el Uno, sólo si tiene o el mismo número o el mismo símbolo. La meta es deshacerse de todas sus cartas.

\- hay muchas reglas especiales durante el desarrollo del partido: por ejemplo, cuando juegas un siete, tienes que decir ¡Buenos días! a la persona siguiente; o tienes que decir la palabra ""Kingslaw"" después de jugar un rey. Si no respetas una regla, tienes que coger una carta en el montón y decir ""Gracias"".

\- la regla más importante, y la más interesante, es que entre cado partido la persona que ganó tiene que crear su propia regla a añadir; y que no va a decir a sus compañeros. Deben adivinarla, lo que significa que te vas a equivocar mucho antés de comprender como funciona. A medida que se desarrollan las partidas las reglas se añadirán y habrá más y más que recordar. El único limite es tu imaginación, puedes inventar cualquiera regla que quieres.

Me gusta mucho este juego."
102lbif,1672784249.0,,Deeb4905,Streak 1 : ¡ Hola !,"¡ Hola todos !

He justo descubierto este sub y debo decir que es una fantástica idea. No tengo a menudo la oportunidad de escribir en español, y si quiero seguir mejorando no se hará de manera totalmente pasiva. Estudio el español desde años al instituto etc, pero nunca tomé la decisión de realmente trabajar en mí mismo porque el nivel que tenía era suficiente para el uso que hacía de la lengua. Hoy me gustaría obtener un nivel C1, para ser capaz de tener una conversación en cualquier tema sin tener miedo de encontrarme bloqueada porque no tengo el vocabulario y sin necesitar de pensar algunas segundas antes de encontrar mis palabras.

Es muy dificil para mi encontrar temas de discusión cuando debo escribir, ¡ espero que no será un problema !"
