10ovdvs,1675061878.0,,Extreme-Grab-7067,Streak x: Descansito,\~
10nwwmt,1674960335.0,,Extreme-Grab-7067,Streak 9: El aeropuerto Benito Ju√°rez en CDMX,"He viajado por el aeropuerto principal de Ciudad de M√©xico muchas veces y tiene ciertas idiosincrasias que pueden hacer la experiencia muy complicada.

Primera cosa para saber es qu√© hay dos terminals: T1 y T2. Y no es f√°cil cambiar entre ellos. Tienes que tomar un autob√∫s que cuesta 25 pesos o el ‚Äúaerotr√©n‚Äù que es gratis si tienes boleto para el otro terminal.

El metro de CDMX tiene una parada para T1, Terminal A√©rea, pero no es f√°cil llegar en metro directamente a T2. Desde la parada m√°s cerca, Pantitl√°n, tienes que caminar 15 minutos a T2 y las calles son confusas. Entonces si vas para T2 en metro, mejor pasas por T1 y tomes el aerotr√©n a T2. O puedes tomar un taxi directo.

En Estados Unidos, si no tienes equipaje documentado, t√≠picamente puedes recibir tu boleto electr√≥nicamente sin hablar con nadie. Pero muchas veces en este aeropuerto , tuve que esperar en la fila de mi aerol√≠nea para imprimir mi boleto. Es porque quieren revisar que tus cosas conformen a los l√≠mites. Pero muchas veces el error electr√≥nico no explica bien que est√° pasando.

Entonces date un poco m√°s tiempo para pasar por este aeropuerto que otros. Es posible que habr√° un paso inesperado o una fila larga que no se puede evitar.

√öltima cosa, te recomiendo que evites Volaris y VivaAerobus en M√©xico, particularmente si tienes una conexi√≥n. Estes aerol√≠neas econ√≥micas son pocos fiables."
10n7fy5,1674884517.0,,Extreme-Grab-7067,Streak 9: La historia oficial,"Anoche vi la pel√≠cula argentina, *La historia oficial* en Netflix. Se me olvid√≥ que ya he visto este filme. Pero mi espa√±ol ya est√° mejor tal que entend√≠ casi todo, y la experiencia fue muy impactante. Es una obra maestra.

El escenario es Buenos Aires en 1983, el √∫ltimo a√±o de la dictadura militar en Argentina. La protagonista es una maestra de historia en la secundaria. Ella vive con su esposo, un hombre de negocios, y su hija adoptada con seis a√±os.

En esa √©poca, hab√≠a muchos manifestantes protestando abusos del estado y la llamada ""guerra sucia"". Hab√≠an desapariciones forzadas, tortura, y asesinatos clandestinos. Tambi√©n hab√≠a casos donde los militares robaron los hijos de los detenidos para estar adoptados por familias militares o c√≥mplices de la dictadura.

La protagonista del filme empieza a sospechar que su hija adoptiva fue tomada en contra de la voluntad de su madre biol√≥gica. Adem√°s, sospecha que su esposo lo sab√≠a. Entonces al resto de la trama tiene que ver con su b√∫squeda de la verdad y las consecuencias de desafiar ""la historia oficial"":  que la ""guerra sucia"" no exist√≠a."
10mdeyr,1674798198.0,,Extreme-Grab-7067,Streak 8: Persiguiendo tu pasi√≥n,"&#x200B;

Cuando eres joven, te dicen que deber√≠as ""seguir tu pasi√≥n"" para ""lograr tus sue√±os"". La realidad es que la mayor√≠a de personas tienen que dedicarse a pagar tus facturas para sobrevivir. Si ya tienes trabajo, se siente muy arriesgado dejar tu trabajo actual en favor de tu ""pasi√≥n"".

Ya soy adulto, y tengo varios intereses. Pero no he identificado una pasi√≥n singular en mi vida. Creo que mi estrategia ser√° probando varias cosas con la mente abierta. Es un hecho de la vida que tienes que trabajar. Tal vez voy a encontrar un trabajo que me gusta. Y si no, est√° bien. Puedo seguir explorando mis intereses en mi tiempo libre."
10laz24,1674683841.0,,Extreme-Grab-7067,Streak 7: Textos biling√ºes y la teor√≠a de traducci√≥n,"Tengo una biblia biling√ºe NVI (Nueva Version Internacional). No soy religioso, pero creo que la biblia es culturalmente un texto importante, y tengo ganas de leerla.

Esta biblia tiene dos prefacios: uno en ingles y otro en espa√±ol,  ¬°y son diferentes! Es porque el proceso de crear la version ingles era completamente independiente del espa√±ol. Las dos versiones son traducciones de los textos ""originales"" escritos en hebreo, griego o arameo.

Creo que la mayor√≠a de los lectores angl√≥fonos de la biblia no han consideran que est√°n leyendo una *traducci√≥n* de la biblia. Necesariamente hay un margen de interpretaci√≥n porque las palabras entre idiomas no son 100% equivalentes.

Entonces los prefacios hablan de las decisiones que los traductores hicieron para crear la Nueva Version Internacional. Ellos no valoran necesariamente la estructura de los idiomas fuentes. Prefieren que la estructura de las frases traducidas sea natural. Traducen al nivel del *significado*, entonces prefieren usar un conjunto de palabras para capturar una idea en vez de traducir palabra por palabra.

Esas ideas sobre traducci√≥n son en consonancia con mi entendimiento de como aprender un idioma. Es mejor crear asociaciones entre palabras y significado directamente. Es una estrategia m√°s eficaz en comparaci√≥n con siempre traduciendo a tu idioma nativo para acceder el significado. Una traducci√≥n nunca es 100% equivalente."
10krie6,1674625964.0,,Extreme-Grab-7067,Streak 6: Pruebas de personalidad,"Estoy familiarizado con dos tipos de prueba de personalidad: Meyers-Briggs y Eneagrama. Los tipos de personalidad Meyers-Briggs son basados en las ideas de Carl Jung, un psic√≥logo de principios de siglo XX. No s√© de d√≥nde viene el Eneagrama, pero parece que a los cristianos (tantos Cat√≥licos como Protestantes) se lo gusta hablar.

No intentar√© a describir el contenido de estos dos teor√≠as de personalidad. Pero creo que estudiando mis resueltos, o sea mis ‚Äútipos‚Äù de personalidad, ha sido informativo para explicar mis experiencias y darme m√°s conciencia propia.

Y sobre todo es entretenido estudiar estas teor√≠as de personalidad (que podr√≠a ser un aspecto de personalidad, jaja). Hay gente que le encuentra la Astrolog√≠a ser entretenido, pero dudo que la fecha de tu nacimiento tenga nada que ver con tus tendencias seg√∫n los ‚Äúsignos astrol√≥gicos‚Äù.

¬øLas teor√≠as de personalidad de Meyers-Briggs y del Enagramo merecen una consideraci√≥n seria? ¬øSe consideran ‚Äúpsicolog√≠a‚Äù? Y si no, ¬øeso los hace sin sentido? No s√©."
10jri34,1674517847.0,,Extreme-Grab-7067,Streak 5: Comida corrida en Mexico,"Hay un tipo de restaurante que existe en M√©xico (y otros pa√≠ses en Latinoam√©rica creo) que no existe en Estado Unidos. En M√©xico se llama ‚Äúcomida corrida‚Äù.

El concepto es as√≠: hay un men√∫ peque√±o que cambia diariamente. Puedes elegir entre dos o tres sopas, ensalada o verduras, y un plato principal que puede ser de carne con frijoles o tacos o algo como as√≠.

El precio es t√≠picamente muy econ√≥mico. La comida ya est√° preparada entonces se sirve r√°pidamente. Pero tambi√©n est√° fresca porque la preparan solo por el almuerzo de hoy, y ma√±ana van a preparar algo diferente.

En Estados Unidos, restaurantes t√≠picamente tienen men√∫s fijos y m√°s grandes. La consecuencia es que los ingredientes no estar√°n tan frescos todo el tiempo. O tienen que usar preservativos.

Y culturalmente, me parece que los gringos prefieren consistencia sobre calidad. Por ejemplo cada McDonald‚Äôs y Starbucks en EEUU es b√°sicamente lo mismo en t√©rminos del men√∫ y la est√©tica del lugar. Starbucks es siempre Starbucks.

Pero un restaurante mexicano de comida corrida es un negocio independiente o familiar. El men√∫ va a cambiar d√≠a a d√≠a. En vez de consistencia y ingredientes procesados o congelados (como los de McDonald‚Äôs o Starbucks), la comida corrida utiliza ingredientes sencillos y frescos.

Tiene mucho sentido para m√≠. No s√© por qu√© no existe en EEUU."
10j0mz0,1674438523.0,,Extreme-Grab-7067,Streak descanso,\~
10icunb,1674368320.0,,Extreme-Grab-7067,Streak 4: La cultura de bicimensajer√≠a en Latinoam√©rica,"En el siglo XX era necesario entregar documentos lo m√°s r√°pido posible en ciudades grandes. Y el veh√≠culo para hacerlo es la bicicleta. Durante finales del siglo XX se form√≥ una subcultura distinta de bicimensajeros por todo el mundo.

De finales de la d√©cada de 2000, la subcultura lleg√≥ a la corriente principal, culminando con la pel√≠cula ""Premium Rush"" en 2012. Pero con el desarrollo del internet, ya no hab√≠a mucha demanda para entregar documentos f√≠sicos. Entonces la profesi√≥n ya no existe como antes.

He observado que en lugares como Ciudad de M√©xico y Lima, Per√∫  la subcultura de bicimensajer√≠a sigue siendo fuerte. Hay gente que anda bicicletas con pi√±√≥n fijo con una mochila muy grande. Le gustan tatuajes, y organizan eventos para fomentar su identidad y sentido de comunidad.

Hoy los bicimensajeros principalmente entregan comida en vez de documentos. Sin embargo hay un nicho de entrega de objetos m√°s grandes que requieren una bicicleta de carga. Este tipo de bici est√° extendida al frente con una plataforma para transportar objetos grandes.

Me hace feliz que haya gente trabajando en bici todav√≠a en ciudades latinoamericanos. La profesi√≥n tiene un aspecto de rebeld√≠a. Es t√∫ contra los coches. No hay mejor manera de experimentar un ciudad que en bici. Saludos a todos los bicimensajeros!"
10hcpn2,1674257675.0,,Extreme-Grab-7067,Streak 3: C√≥digos QR reemplazando cartas f√≠sicas,"En 2023 la pandemia de coronavirus ya se ha convertido en un end√©mico. Ya se fue los cubres de boca y podemos salir a los restaurantes.

Un cambio permanente en muchos restaurantes es el uso de c√≥digos QR en vez de cartas f√≠sicas. Esto presume que los clientes tienen in tel√©fono inteligente y datos para acceder el enlace debajo del c√≥digo QR.

Me siento incomodo que la tecnolog√≠a est√° cambiando su papel de algo √∫til y conveniente a algo necesario para hacer cosas b√°sicos (como comer un restaurante)."
10gge4k,1674170085.0,,Extreme-Grab-7067,Streak 2: Pinche app de reddit,"Ya ten√≠a tres p√°rrafos escritos en la app sobre Bosque de Chapultepec en Ciudad de M√©xico. Eran p√°rrafos bonitos sobre c√≥mo es el parque y la importancia de ese tipo de lugar en ciudades grandes.

¬°Pero! me fui de la app (no quit√© la app, solo la dej√≥ un momento para ver otra app) y puf. Se desapareci√≥ mis p√°rrafos. ""C‚Äôest la vie."" (As√≠ es la vida).

¬°Pero no! Tengo conocimiento de desarrollo de aplicaciones m√≥viles. Lo que pas√≥ es que el texto existi√≥ como ""estado"" en la caja de texto. Cuando me fui de la app, se destruy√≥ la instancia de la caja de texto en la memoria de de mi iPhone.

Otras aplicaciones (como los de google docs, o muchos editores de video) guardan el ""estado"" del programa autom√°ticamente. Entonces si algo pasa (pierdes la conexi√≥n a la red, o el programa falla) el estado del programa (mis queridos p√°rrafos) ya est√° guardado en un lugar m√°s permanente.

Yo s√© que existe un bot√≥n para guardar un ""draft"" (borrador?) de mi post. Y lo usar√≠a antes de quitar la app completamente. Pero para salir de la app y regresar un minuto despu√©s, mi expectativa es que el texto debe persistir."
10fld4d,1674083229.0,,Extreme-Grab-7067,Streak 1: Desayuno estadounidense y ‚Äúsimulacra‚Äù,"Mi amigo chileno me visit√≥ en Estados Unidos el mes pasado. Quer√≠a probar un desayuno ‚Äút√≠pico‚Äù estadounidense en un restaurante como lo ha visto en pel√≠culas.

Fuimos a un restaurante que se llama ‚ÄúGreat Scott‚Äôs‚Äù en referencia a la pel√≠cula de 1985, ‚ÄúBack to the Future‚Äù. El interior pretende ser del estilo de los a√±os 50, con bancos suaves de vinilo y imagines de coches cl√°sicos en la pared.

Pedimos los platos m√°s t√≠picos: huevos fritos, tocino, panqueques con jarabe de arce falso, y papas fritas (no s√© si haya palabra para decir ‚Äúhashbrowns‚Äù). Le expliqu√© que la comida aqu√≠ est√° hecha de ingredientes baratos con preparaci√≥n sencilla, pero el servicio es bueno. El caf√© no est√° bueno pero la pr√≥xima taza es siempre gratis! Es un lugar para comer much√≠simo y pasar tiempo con amistades.

Muchas veces los estadounidenses no tienen autoconocimiento de su propia cultura. Que raro que existe un restaurante que hace referencia a una pel√≠cula de 1985, que hace referencia a los a√±os 50. Creo que el restaurante es un ejemplo de ‚Äúsimulacra‚Äù, seg√∫n el fil√≥sofo franc√©s Jean Baudrillard. Es simulacra en el sentido de que ya no existe lo ‚Äúoriginal‚Äù de este tipo de restaurante. Solo existe imitaciones. Copias de copias.

Pero bueno. A mi amigo le gust√≥ su experiencia en un restaurante como lo de las pelis. Pero la experiencia me dej√≥ dudando si autenticad ya no existe en Estados Unidos. ü§î"
