125okb6,1680097517.0,,kwexxler,Streak 85: Examen de economía,"Hoy tengo un examen de mi clase de economía y estoy un poco nerviosa, pero desperté temprano esta mañana así tengo mucho tiempo para repasar mis apuntes.  No es una clase típica de economía — tiene que ver más con la economía de recursos naturales y enseña una perspectiva medioambiental.  Aprendemos sobre la mercancía de bienes públicos y las ventajas y desventajas del mercado libre con respecto a servicios ambientales y la contaminación causada por empresas grandes.  Nunca he tomado una clase de economía así que me interesa mucho."
1246t4k,1679963834.0,,kwexxler,Streak 84: La terapia de grupo,"Una vez a la semana tengo una reunión virtual de terapia de grupo y me ha ayudado mucho.  La terapia de grupo se ofrece por mi facultad, y me resulta más útil que las otras medidas de terapia que he tratado porque podemos intercambiar nuestras experiencias.  Compartimos problemas parecidos como miembros de la misma comunidad.  Practicamos la meditación y discutimos estrategias para mitigar la ansiedad y la depresión. La terapia es gratuita y hasta ahora he aprendido mucho."
122u6q4,1679853609.0,,kwexxler,Streak 83: El miedo de cometer errores,"No sé por qué, pero siempre me cuesta trabajo ver las correcciones de mi escritura para mis clases.  Rara vez repaso las correcciones de mis profes en mis redacciones, aunque sepa que me ayudaría verlas.  No es porque soy egoísta o porque creo que soy escritora perfecta, sino que me da vergüenza cometer errores y tengo miedo de que mis profes me juzguen.  A veces cuando estoy completando la tarea a la una de la mañana cometo errores tontos que confunden a la persona que está calificando mi trabajo.  Sin embargo, necesito superar este miedo de ver las correcciones si quiero mi escritura."
1224y6v,1679790595.0,,kwexxler,Streak 82: Exámenes,"Pues me enfada que mis professors hayan programado dos exámenes para la semana que viene porque es la semana anterior a las vacaciones de la primavera.  Aunque me molesta tener estos exámenes, mejor que tengan lugar esta semana y no después de las vacaciones. Así que después de pascua y las vacaciones no tendré que preocuparme por estudiar."
11zjrvk,1679576640.0,,kwexxler,Streak 81: Mi carrera ideal,"A lo largo de mi vida mi carrera ideal ha cambiado mucho.  De niña siempre quería ser autora porque leía tantos libros y mis maestros me decían que era buena escritora.  Sin embargo, de adolescente me di cuenta de que escribir un libro sería aburrido y trabajoso para mí, y que no tenía suficiente talento para escribir un libro completo. 

Durante la escuela secundaria trabajé en una biblioteca, y empezaba a pensar que me gustaría ser bibliotecaria.  De hecho, es algo que hasta hoy en día me gustaría tener como carrera.  Sueño con trabajar en una gran biblioteca en la cuidad y ayudar a los visitantes a acceder recursos públicos, información para la investigación, y libros.  

Aunque ser bibliotecaria todavía me apetece, estoy estudiando para un título de ciencias medioambientales, así que hay la expectativa de que voy a conseguir trabajo en ese campo.  Me preocupa mucho el cambio climático y la escasez de recursos naturales, y pienso hacer una pasantía que tiene que ver con problemas medioambientales."
11xm87c,1679416469.0,,kwexxler,Streak 80: Declarar mi especialización,"Como estudiante universitaria de segundo año, ya es la hora de declarar mi especialización.  Estoy un poco nerviosa porque tengo que reunirme con un asesor académico que no conozco y quiero asegurarme de que estoy al día con todas los requisitos.  Pienso especializarme en las ciencias medioambientales y es posible que yo tenga la oportunidad de graduarme un semestre temprano.  Graduarme temprano sería un gran alivio para mí."
11w2f01,1679270884.0,,kwexxler,Streak 79: El primer día de la primavera,"Mañana, el 20 de marzo, se considera el primer día de la primavera (en el hemisferio norte). Obviamente el tiempo aún no siente como la primavera, hace como 0 grados Celsius, pero me parece un nuevo comienzo porque este invierno fue muy deprimente para mí.  Los inviernos acá son grises y melancólicos y causan muchos casos de la depresión estacional.  Cuando llega la primavera y el tiempo es caluroso y las flores florecen, siempre me pone de buen humor."
11v95zh,1679194168.0,,kwexxler,Streak 78: ¿De qué tenías miedo cuando eras niña?,"De niña los insectos, particularmente las arañas, me aterrorizaban.  Odio los bichos y todavía me dan miedo.  Cuando hay una araña en mi cuarto no puedo dormir hasta que alguien en mi familia la mata.  Sé que los insectos no me pueden hacer daño pero no los puedo soportar para nada.   

Además, cuando tenía cinco años tuve miedo del inodoro por unos meses.  Es un medio ridículo pero tuve un sueño en el que el inodoro me comió.  Afortunadamente, ese miedo no duró por mucho tiempo.."
11t55vr,1678998209.0,,kwexxler,Streak 77: Ponerse al día con la tarea,"En mis clases mis profesores me asignan mucha lectora y resulta que la procrastino mucho.  El problema es que hay tantas páginas de leer que si no las leo enseguida, se acumulan hasta que me doy cuenta que necesito ponerme al día con dos o tres semanas de lectura.  En mi clase de español estamos leyendo la novela La Vida de Lazarillo de Tormes y es tan difícil de leer que me hace sentir mareada de lo mucho que me concentro.  Si no tengo tiempo para leer un texto en detalle para la clase de español me rindo y busco la traducción en inglés.  No lo hago con frecuencia pero a veces tengo mucha tarea y no tengo otra opción."
11sh28j,1678932592.0,,kwexxler,Streak 76: Las vacaciones de primavera,"Mis vacaciones de primavera empiezan el uno de abril pero no puedo esperar a que lleguen.  Echo de menos mucho a mi familia y a mi gato.  También odio el tiempo frío y acá el invierno parece durar una eternidad.  El año pasado, ¡nevó el 19 de abril! Los días pasan rápido pero los próximos quince días hasta las vacaciones van a ser trabajosos para mí."
11rhhsx,1678842981.0,,kwexxler,Streak X: Descansito,Tengo mucha tarea que hacer
11pugph,1678666259.0,,kwexxler,Streak 75: Estoy cansada,"No sé por qué pero recientemente he estado muy cansada.  Anoche dormí casi trece horas y cuando me desperté estaba muy desorientada.  No me gusta trasnochar porque si me acuesto después de las dos de la mañana voy a desperdiciar el día siguiente. Mis amigos pueden funcionar con seis o menos horas de dormir pero no puedo hacerlo, necesito al menos siete horas."
11o5o14,1678494216.0,,kwexxler,Streak 74: Memorizar los países,"Estoy tratando de aprender de memoria todos los países del mundo.  Uso una prueba online con un mapa en blanco para evaluar mi progreso.  Solía poder reconocer solo 100 países pero ahora puedo reconocer 185.  Hay 196 países en el mundo, así que necesito memorizar once más.  Me cuesta trabajo acordarme de las islas, como Tonga o las islas Salomón.  

Estoy un poco orgullosa de esto porque se dice que los estadounidenses no saben la geografía.  Pues no quiero ser parte de ese estereotipo.  Me gusta tener este conocimiento y me ayuda con mis estudios."
11mx5cx,1678380664.0,,kwexxler,Streak 73: El contracto de arrendamiento,"Esta semana necesito firmar un contracto de arrendamiento y me hace nerviosa.  Tener mi propio apartamento es un paso importante para lograr la independencia pero la verdad es que no confío en los propietarios.  El contracto de arrendamiento es muy largo y hay mucha letra pequeña. Tengo una compañera de cuarto que lo va a firmar conmigo pero no me gusta que tengamos que pagar un depósito de seguridad bastante caro.  

Mi padre va a revisar el contracto de arrendamiento y contactar al propietario porque él tiene más experiencia y me dijo que a estos propietarios les gustan engañar a los estudiantes universitarios porque somos ingenuos...pues él tiene razón y me gustan sus consejos porque esto es un gran paso en mi vida."
11mf298,1678326122.0,,kwexxler,Streak 72: Estar tarde,"Tuve un examen el otro día y aunque resultó que no era difícil, tuve un comienzo horrible.  Estaba en la biblioteca estudiando porque, según mi cerebro equivocado, el examen empezó a las once de la mañana.  Por alguna razón se me olvidó que la clase realmente empieza a las diez y diez.  A las diez y diecisiete casi tuve un ataque de corazón porque de repente me di cuenta de que me equivoqué. Así que recogí mis cosas y salí corriendo de la biblioteca. Subí la colina para llegar al edificio en el que la clase tiene lugar.  Llegue 15 minutos tarde pero afortunadamente al profesor no le importa y él me dejó tomar el examen sin problema.  En el futuro, necesito tener más cuidado y no olvidarme del tiempo!"
11kl6vk,1678153137.0,,kwexxler,Streak 71: Los robos,"Últimamente en mi facultad hay muchos robos ocurriendo y nos asusta a todos.  Algunos estudiantes que dejan sus puertas no cerradas encuentran que sus cosas han sido robadas.  Los ladrones roban carteras, consolas para los videojuegos, y más.  En el pasado no cerrar la puerta mientras salir por un rato no era problema para mí, pero por supuesto necesito tener mas cuidado."
11im51h,1677986660.0,,kwexxler,Streak 70: Estudiar,Tengo mucho que estudiar para mis exámenes esta semana y estoy abrumada. Estoy demasiado cansada para concentrarme así que mañana en cuento me despierte voy a ir a la biblioteca. El examen es el martes y siento que no tengo tiempo suficiente para preparar.  Tengo otro examen el jueves y necesito repartir mi tiempo para las dos clases.
11hmuz4,1677896913.0,,kwexxler,Streak 69: Cansada,"Por fin la semana ha terminado, así que me voy a dormir. Estoy tan agotada que apenas puedo mantener los ojos abiertos. Mañana tengo mucho que estudiar…"
11fr6yk,1677726753.0,,kwexxler,Streak 68: Los conciertos,"Nunca en mi vida he asistido a un concierto aunque tengo muchas ganas de hacerlo.  Mi banda favorita va a tocar en un enorme festival de música metal en mayo pero desafortunadamente no puedo asistir porque el festival tendrá lugar al otro lado del país y los boletos son muy caros.  De todos modos, no creo que me gustaría asistir a un concierto en un gran estadio porque apenas se puede ver el escenario y la gran muchedumbre sería claustrofóbica.  Prefiero los conciertos más íntimos.  Ojalá este verano pudiera asistir a uno."
11eoa7j,1677628782.0,,kwexxler,Streak 67: la homofobia,Pues debido a que vivo en una región bastante progresista no observo mucho prejuicio pero últimamente en las redes sociales me preocupa ver a muchos homófobos.  Hay tanta gente que tiene una mentalidad anticuada y teme lo que no entiende.  Me asusta porque tengo amigos gay y trans y a veces me preocupo por su seguridad.  Vivo en los EEUU y es horrible que los estados republicans priven de derechos a grupos marginados.   Los gobiernos de estos estados están prohibiendo muchos libros y aprobando leyes que restringen los derechos de mucha gente.  Es un fenómeno muy triste.
11dh16m,1677517924.0,,kwexxler,Streak 66: ¿Eras más extrovertido o introvertido de niño?,"Pues siempre he sido introvertida, pero creo que de niña era un poco más extrovertida.  De niño todos somos menos sentenciosos y más abiertos y esto me ayudaba a ser menos tímida - recuerdo interactuando con todos en la escuela primaria antes de que se formaban los grupos exclusivos.  También veía a todo el mundo en clase todos los días y de una manera era obligada a socializar y ser extrovertida. 

Sin embargo, en la vida adulta me encuentro valorando más la soledad.  Después de un día de socializar prefiero volver a casa y relajarme.  En mi vida diaria paso muchas horas sola, dando paseos por mi campus escuchando música o estudiando.  Estoy rodeada de gente, pero a la vez es mi tiempo a solas.  La soledad me permite recuperar la energía."
11c2new,1677377470.0,,kwexxler,Streak 65: las vacaciones,Esta semana tengo unas vacaciones que duran cuatro días.  No es mucho pero nos aporta un momento para descansar.  Me gusta que no haya muchas personas en el campus porque es más relajante y silencioso.
11a41bo,1677174945.0,,kwexxler,Streak 64: un dilema,Pues estoy un poco avergonzada porque he molestado a mis compañeros de la residencia estudiantil por accidente.  Toco la guitarra en mi habitación porque no hay otra opción pero siempre conecto mis audífonos al amplificador porque sin ellos el ruido de la guitarra eléctrica me metería en líos.  Así que toco lo más cuidadoso y silencioso posible pero mis compañeros que viven al lado me han pedido bajar el volumen.  Entonces tengo un dilema porque necesito practicar pero no quiero molestar a nadie.  No me gusta vivir en una residencia estudiantil porque es imposible tener la privacidad.
1193w3z,1677082803.0,,kwexxler,Streak 63: Alquilar un apartamento,"Pienso vivir en un apartamento para el próximo año escolar pero me resulta difícil encontrar una vivienda reputable.  Necesito tener en cuenta no sólo el alquiler, sino también la ubicación, mis compañeros de cuarto, y los términos del arrendamiento.  Les pido ayuda a mis padres porque no tengo mucha experiencia con los apartamentos y caseros y no quiero que me engañen.  Sin embargo, estoy emocionada tener mi propia vivienda por fin."
116x3pn,1676865621.0,,kwexxler,Streak 62: la librería,"Hoy fui a la librería y me encantó.  Había tantos libros antiguos y raros que no se pueden encontrar en las librerías más conocidas, como Barnes & Noble.  Podría pasar horas en la librería mirando libros, pero mis padres me apresuraron.  Compré un libro y espero volver a la librería pronto"
1152xsj,1676682305.0,,kwexxler,Streak 61: La literatura ibérica,"Me interesan mucho los temas que exploramos en mi clase de español.  Estamos estudiando la literatura ibérica y la mezcla de culturas que fomentaba el desarrollo de las artes durante la edad media. Los poemas que mi profesor nos asigna son muy difíciles de leer porque se escriben en español antiguo así que me toma mucho tiempo averiguar el significado.  Sin embargo, me gusta el reto"
113drub,1676508977.0,,kwexxler,Streak 60: El gimnasio,"Hoy fui al gimnasio por la primera vez en unos meses.  Me siento fantástica cuando hago ejercicio, siempre me pone de buen humor.  Es difícil motivarme pero cuando finalmente me arrastro al gimnasio me siento mejor por haber ido."
112lrta,1676423744.0,,kwexxler,Streak 59: Una semana calurosa,"Esta semana las temperaturas han sido bastante altas y aunque no sea bueno con respecto al cambio climático, me gusta este tiempo caluroso.  Mi campus es muy pintoresco cuando hace sol pero sé que la nieve puede volver en cualquier momento.  Es normal tener una semana calurosa en medio de febrero porque el calor se va tan pronto como llegue.  En mi región estamos acostumbrados al capricho del tiempo."
111pm3t,1676336580.0,,kwexxler,Streak 58: Descanso,Tengo mucha tarea que hacer así que voy a descansar
110x2vh,1676255340.0,,kwexxler,Streak 57: Las librerías antiguas,Este fin de semana visité la plaza de mi ciudad y disfruté pasando por las varias tiendas locales.  Mi favorita es una librería antigua que vende un montón de libros fantásticos que son difíciles de encontrar en otras librerías y bibliotecas.  También presenta una tienda de vinilos en el segundo piso y me encantan los CDs y vinilos antiguos.  Es un sitio muy acogedor y quiero visitarlo de nuevo el fin de semana que viene.
11023dj,1676160777.0,,kwexxler,Streak 56: La incapacidad de concentrarme,Hoy fui a la biblioteca para completar mi tarea pero no podía concentrarme.  Leí algunas páginas de mis lecturas pero he decidido que no me voy a esforzar si no tengo las ganas de estudiar.  Así que mañana después del trabajo voy a tratar de nuevo.
10z0x5u,1676058072.0,,kwexxler,Streak 55: El viernes,Me alegra que ya sea el viernes.  Esta semana ha sido agotadora y necesito un descanso.  Pienso ir al café de gatos con mis amigos esta noche.  Muchos de mis compañeros de clase van a los bares para festejar pero no me gustan las fiestas ruidosas así que me voy a relajar con los gatos y beber té.
10xi201,1675907821.0,,kwexxler,Streak 54: La informática,"Estoy tratando de aprender la informática porque poder codificar es una destreza importante hoy en día.  Quiero tomar un curso pero no tengo espacio en mi horario el próximo semestre, así que voy a enseñarme a mí misma.  Hay tantos recursos gratuitos en internet y estoy aprendiendo poco a poco."
10w6j5e,1675788414.0,,kwexxler,Streak 53: Demasiada lectura,"En mis clases los profesores nos asignan demasiada lectura.  Cada vez que me pongo al día con las lecturas de la semana pasa, los profesores anuncian que tenemos aún más que leer.  Esta semana tengo más de doscientas páginas de lectura, que consiste en escritura muy densa y confusa, así que me toman mucho tiempo. No me gusta quejarme pero me parece demasiado."
10uv6pf,1675650674.0,,kwexxler,Streak X: Descanso,Tengo mucha tarea que hacer así que tomo un descansito
10twr29,1675558914.0,,kwexxler,Streak 51: Los precios altos,Hoy fui al supermercado para comprar algunas cosas y los precios me dejaron atónita.  Un cepillo de dientes costó diez dólares. Me parece una locura.  Se dice que es la inflación pero creo que es algo más siniestro; las corporaciones se aprovechan de la inflación para subir el costo de vida. La subida de  precios es un problema mundial y todos necesitamos un alivio.  La próxima vez que me voy de compras iré a la tienda de dólar.
10sx099,1675462527.0,,kwexxler,Streak 50: El frío intenso,"Hoy hubo una alerta sobre el frío intenso en mi ciudad.  Mi uni nos mandó un mensaje sobre el peligro de la nieve y las temperaturas bajo cero pero la administración no quería cancelar las clases...pues debería haberlas cancelado porque el clima era un verdadero peligro.  Todos necesitamos caminar por el campus y escalar las colinas, lo que estaban cubiertas en hielo y nieve.  Uno de mis amigos se cayó y se lastimó su espalda.  Me torcí el tobillo bajando las escaleras mojadas a pesar de mi cuidado.  Fue un día desagradable y todos tenemos un poco de la congelación."
10rx0tf,1675362754.0,,kwexxler,Streak 49: La biblioteca,Me encanta la biblioteca. Hay un confort y una soledad tranquila dentro de esta fortaleza de literatura y conocimiento.  Prefiero estudiar en el piso más alto porque tiene vistas a toda la universidad y a una región pintoresca de la ciudad.  Busco una rincón acogedora y leo un libro o hago mi tarea.  También hay un café en la planta baja en el que me gusta comprar té caliente.  Me refugio en la biblioteca porque puedo relajarme después de un día abrumador.
10r930j,1675292343.0,,kwexxler,Streak 48: El fin de semana,"Cada semana me encuentro esperando el fin de semana, lo que creo que es común.  Hoy en clase le dije al profesor que estaba cansada y me respondió, ""¿Ya estás cansada? Sólo es el miércoles."" Bueno, tiene razón, pero estoy agotada de todos modos."
10qgc0r,1675213832.0,,kwexxler,Streak 46: Los Sopranos,"Estoy viendo uno de los programas más famosos, Los Sopranos, y me encanta.  Suelo descubrir bandas y series fenomenales años e incluso décadas después de la cima de su popularidad, pero a pesar de que he llegado tarde aprecio la serie mucho.  La serie retrata las actividades criminales y el drama de la mafia italoamericana en Nueva Jersey, y presenta a personajes únicos y cómicos.  

Tengo orígenes italianos y la mayoría de mi familia es italoamericana, así que puedo relacionarme mucho con las costumbres de la cultura italoamericana de Nueva York y Nueva Jersey, tanto lo bueno como lo malo.  Tengo que evitar los spoilers pero estoy disfrutando Los Sopranos mucho."
10pftef,1675116898.0,,kwexxler,Streak 46: La leyenda de El Cid,"En mi clase de español estamos leyendo y analizando el cantar El Mío Cid, lo que es una leyenda famosa de España.  Aunque sea bien conocida, nunca había oido de esta leyenda.  Es una lectura muy fascinante pero increíblemente difícil de leer debido a que se le traduce del español antiguo al español moderno.  Es un reto gratificante que me empuja a mejor mi español.  También, es una historia entretenida porque mi profesora nos asigna la serie live-action basada en el cantar.  Así que podemos disfrutar una versión moderna."
10oprfy,1675044458.0,,kwexxler,Streak 45: La Tarea,"Debería hacer mi tarea para mañana porque no tengo tiempo para hacerla por la mañana. Al contrario, estoy viendo el nuevo episodio de la serie The Last of Us porque no tengo las ganas de estudiar. Dormí once horas anoche, así que pienso que estaría bien trasnochar hoy para completar mi tarea."
10nwyfj,1674960491.0,,kwexxler,Streak 44: Las bebidas energéticas,"Estoy enganchada a las bebidas energéticas, como Monster y Celsius.  Bebería el café en su lugar pero no quiero hacer cola en las largas filas de Starbucks. Aunque estas bebidas energéticas sean convenientes, me doy cuenta de que no es saludable beberlas todos los días porque se están convirtiendo en una adicción.  Es un hábito beberlas por la mañana antes de mis clases pero voy a tratar de beber más agua en su lugar."
10n41r7,1674873946.0,,kwexxler,Streak 43: Una semana agotadora,Este post va a ser cortito porque estoy muy cansada.  Tuve un turno largo anoche y no dormí lo suficiente. No puedo esperar a que llegue el fin de semana.  Tengo mi primera lección de guitarra mañana y estoy muy emocionada pero ahora me voy a acostar.
10m3p28,1674770092.0,,kwexxler,Streak 42: La filosofía,"Este semestre tengo que tomar una clase de ética y filosofía y absolutamente la odio. El año pasado me matriculé en una clase de filosofía política y la abandoné dentro de dos semanas porque era tan aburrida.  Esta clase involucra mucha literatura y conceptos abstractos y opino que la filosofía es una materia molesta e inútil.  Prefiero estudiar conceptos tangibles que se pueden utilizar para mejorar la sociedad.  A mi profesor le resultan cómicas mis emociones fuertes acerca de la filosofía, y mi dice que esta pasión me puede servir en la clase.  De todos modos, ¡voy a evitar este tipo de clase en el futuro!"
10l9esh,1674680044.0,,kwexxler,Streak 41: El cansancio,"Me frustra que, a pesar de dormir lo suficiente, aún me sienta cansada. Anoche dormí ocho horas pero hoy me estoy durmiendo en clase.  Ni siquiera la cafeína me puede ayudar.  Esta mañana bebí una bebida energética que contenía 200 miligramos de cafeína y no me ha dado ni una gota de energía.  No sé por qué tengo esta resistencia; ninguna bebida logra despertarme.  Mi madre me aconseja tener un análisis de sangre para comprobar si haya alguna deficiencia nutricional."
10ki3q4,1674598832.0,,kwexxler,Streak 40: Mi cumpleaños,"Hoy cumplo veinte años, pero la verdad es que no me siento como un adulto de veinte años.  Los días pasan rapidísimo y apenas he tenido tiempo para procesar mi adolescencia.  Desafortunadamente, tuve un cumpleaños bastante solitario porque mi familia está lejos y mis amigos están ocupados.  Bueno, comí un trozo de tarta de chocolate y me relajo."
10jh1zx,1674492558.0,,kwexxler,Streak 39: El primer día de trabajo,"Esta mañana empecé el primer día de trabajo en mi facultad.  Trabajo en el departamento de correo procesando y expidiendo paquetes, sobres, y llaves.  Trabajé de las ocho de la mañana a las once, y después asistí a mis clases.  Prefiero los turnos tempranos porque no somos muy ocupados por la mañana.  Sin embargo, me siento un poco avergonzada porque hay tanta información que aprender qué seguía pidiéndole ayuda al gerente.  Quiero asegurarme de que hago un buen trabajo porque es importante que los estudiantes reciban el correo correcto."
10iyje3,1674432452.0,,kwexxler,Streak 38: Café de gatos,"Uno de mis sitios favoritos es mi local café de gatos.  De hecho, es un lugar turístico bien conocido por los que visitan mi ciudad.  El café tiene buena onda, con decoraciones acogedoras y, por supuesto, una habitación presentando a gatos lindos.  Las bebidas son increíbles; no me suelo gustar el té pero me encanta el del café de gatos. Después de beber, los clientes pueden entrar en la habitación en la que hay una gran área de juegos para los gatos.  Me gusta apoyar este negocio local porque el café colabora con una organización que rescata a los gatos abandonados.  Entonces, los voluntarios cuidan a los gatos y los llevan al café de gatos para que alguien los adopten.  Me gustaría adoptar un gato del café; son tan dulces y cariñosas."
10i4od0,1674343038.0,,kwexxler,Streak 37: Un nuevo semestre,El lunes empiezo un nuevo semestre de la facultad y hoy me mudé a la residencia estudiantil.  Mi familia me acompañó y pasamos el día juntos.  Celebramos mi cumpleaños y el de mi papá temprano porque no voy a poder celebrar con ellos la próxima semana.  Fuimos a mi restaurante favorito y después nos relajamos en el famoso café de gatos del campus.  Pasamos un buen día pero cuando nos despedimos me puse ansiosa.  El principio del semestre siempre es estresante porque aún no sé la dificultad de mis clases.  No puedo esperar al verano.
10hcvjd,1674258085.0,,kwexxler,Streak 36: La animación,"Me encantan las series y las películas animadas.  Acabo de ver la nueva película del Gato en Botas y el estilo de arte es vistoso y hermosamente estilizado.  A veces prefiero la animación porque involucra tanta creatividad y demuestra el talento de los artistas.  Desafortunadamente, muchas personas todavía creen que la animación sólo es para los niños y no tiene tanto valor como la acción en vivo.  Completamente rechazo esa idea porque he visto mucha series animadas para adultos que son increíbles y profundas.  Por ejemplo, Arcane en Netflix recientemente ganó un Emmy.  Es una serie animada con un estilo de arte complejo y único que presenta una historia visceral con personajes multifacéticos.  Estoy deseando observar el desarrollo del mundo de la animación."
10gdg9p,1674162837.0,,kwexxler,Streak 35: Los viajes terapéuticos,"Tengo algunas estrategias en mi vida para aliviar la ansiedad, pero mi favorita es conducir sola mientras la música suena a todo volumen.  Me parece muy terapéutico, especialmente a noche cuando conduzco sin rumbo para despejar la mente.  Irónicamente el heavy metal y las canciones fuertes y ruidosas son las que más me calman.  La cacofonía es un catarsis para mis pensamientos errantes.  Sin embargo, cuando mis padres me acompañan en el coche, me obligan a bajar el volumen.  Así que nada, no quiero molestarlos."
10fn1gy,1674087404.0,,kwexxler,"Streak 34: ¿Crees que la persona que tú proyectas a tus amigos es tu verdadero ser, o te escondes detrás de una máscara? Explica.","Pues esta pregunta me cuesta trabajo contestar, porque depende del amigo con quien estoy pasando tiempo.  Tengo a algunos amigos a los que presento una personalidad diferente y no exactamente auténtica.  Alrededor de estos amigos casuales, me presento de una manera más extrovertida y habladora, porque quiero que les caiga bien.  Me escondo detrás de esta máscara pero en realidad soy mucho más introvertida.  Con mis amistades más íntimas, siento que puedo comportarme con más autenticidad.  La verdad es que tengo tantas personalidades distintas que dependen de mi interlocutor que creo que estoy desarrollando una crisis de identidad."
10epay3,1673993659.0,,kwexxler,Streak 33: El desánimo,"Recientemente he lidiado con la falta de autoestima y desánimo.  Me cuesta trabajo aceptar la crítica porque no creo que tenga una gota de talento.  Por ejemplo, he recibido un par de comentarios groseros en las redes sociales sobre mi forma de tocar la guitarra o mi nivel de español. Mi mamá me aconseja no hacerles caso, porque es muy fácil para estas personas esconderse detrás de sus pantallas y dejar comentarios mezquinos.  Sin embargo, para mí estos comentarios se me destacan mucho a pesar del feedback positivo que me dan los profesores y colegas.  Empiezo a creer que no soy buena en nada, que debería abandonar mis pasatiempos y mis ambiciones.  Aunque sea difícil necesito dejar de ser tan sensible y tímida.  Si quiero tener éxito en mi vida necesito desarrollar la piel gruesa."
10du8rj,1673907407.0,,kwexxler,Streak 32: Me equivoqué,"Como siempre, anoche escribí mi publicación diaria para mantener mi racha.  Sin embargo, cuando abrí mi portátil hoy me di cuenta de que nunca hice clic en ""post,"" así que nunca logré subir mi post.  Esto me frustra porque se trataba de una nueva serie de televisión que me encanta y gocé de escribir la publicación.  Aunque técnicamente perdí mi racha, la voy a continuar de todos modos porque completé la escritura – solamente se me olvidó hacer clic para subirla."
10c4a9r,1673739430.0,,kwexxler,Streak 31: Los recuerdos preciosos,"Hoy visité a mi abuelita, y me encanta pasar tiempo con ella porque vive sola y se siente solitaria.  Me comí su comida rica y miramos algunas fotos viejas.  Fue fascinante ver estas fotos de mis parientes cuando eran joven, como en los años sesenta y setenta.   Miré una foto sepia de mi mamá cuando tenía mi edad y mi abuelita me contó todas estas historias increíbles.  Me encanta mirar estas fotos porque inmortalizan los recuerdos preciosos, muchos de los cuales han sido olvidados con el paso del tiempo."
10b6z3w,1673647425.0,,kwexxler,Streak 30: El aburrimiento,"Hoy es mi última semana de vacaciones antes de tener que regresar a la facultad y estoy muy aburrida.  Me mudo a mi residencia estudiantil el próximo sábado.  Aunque al principio me gustó tener unas vacaciones largas, ahora creo que son demasiado largas.  Quería que el semestre empezara más temprano para que las vacaciones de verano lleguen más temprano.  Es decir, si el semestre hubiera empezado al principio de enero, la facultad nos liberaría el uno de mayo.  Sin embargo, con este horario tenemos que quedarnos a la universidad hasta el diecisiete de mayo.  Qué pena."
10aekiy,1673566572.0,,kwexxler,Streak 29: Cursos de español,"Esta semana tengo que finalizar mis cursos para este semestre.  Sin embargo, me cuesta trabajo escoger la clase de español que voy a tomar.  Tengo algunas opciones, y una que me interesa es un curso llamado ""Perspectivas en España"" que se trata de la historia y cultura de España.  Aunque sea mi clase preferida, aún no estoy decidida porque no me cae bien el profesor de esta clase.  Ya he estado en los cursos de este profesor durante dos semestres anteriores y no me gusta su estilo de enseñanza.  Por eso, voy a tratar de matricularme a otra clase."
109flba,1673470288.0,,kwexxler,Streak 28: El bloqueo en Artsaj,"Hace tres meses empezó una crisis humanitaria en curso que desafortunadamente ha sido ignorada por el mundo occidental.  En Artsaj, una región que históricamente pertenece a Armenia, más de cien mil armenios se quedan sin alimentos o medicinas debido al bloqueo.  Un grupo de ciudadanos azerbaiyanos, quienes fingen ser activistas medioambientales, ha bloqueado el único camino que conecta Artsaj con Armenia, impidiendo que los armenios reciban los recursos necesarios. De hecho, se han cerrado los colegios en Artsaj debido a la malnutrición de los niños.  

Los activistas humanitarios que sigo en Instagram me llamaron la atención a esta crisis porque representa otra política de limpieza étnica hacia los armenios por parte del gobierno de Azerbaiyán.  Es frustrante que los gobiernos occidentales continúen a fundar el gobierno azerbaiyano y ignoren los armenios sufriendo.  También, muchos países siguen negando el genocidio de los armenios ejecutado por Turquía.  El president Biden acaba de reconocerlo pero se necesita más acción para prevenir la muerte de más armenios,"
108otqr,1673393630.0,,kwexxler,Streak 28: Aprender chino,"Puesto que me encanta aprender idiomas, me gustaría volver a aprender chino.  Durante la escuela secundaria lo estudié durante cuatro años y era tan difícil como enriquecedor.  Aprender chino es un gran reto, ya que utiliza caracteres en vez de un alfabeto y tiene una estructura gramatical y una pronunciación complejas.  A pesar de estos desafíos me encantaba estudiar chino porque es muy interesante y es la lengua más hablada del mundo.  Al graduarme de la escuela secundaria dejé de aprenderlo porque ya no tengo tiempo.  Sin embargo, espero volver a aprenderlo algún día."
107pacm,1673296730.0,,kwexxler,Streak 27: Una visita al alergista,Esta mañana fui al consultorio del médico para una visita anual con mi alergista.  Siempre lo odio este quehacer pero necesito reunirme con el médico para que me recete el medicamento.  Tengo alergias a nueces y por eso mi mamá siempre ha sido demasiado sobreprotectora.  Entiendo su preocupación pero hoy en día no me gusta ser tratada como una niña.  Todavía estoy ciudadosa con mis alergias pero me frustra porque no quiero preocuparme por ellas cuando salgo con mis amigos.
106ywut,1673223004.0,,kwexxler,Streak 26: Los vertederos de ropa,"Hoy escuché un episodio del podcast Radio Ambulante muy interesante que se trataba del consumo de ropa barata.  Los reporteros discutieron el desperdicio de ropa en el mundo occidental y cómo las empresas fabrican ropa barata que no se supone que dura.  Los consumidores en los EEUU y Europa descartan esta ropa de baja calidad que se acumula en los vertederos de países sudamericanos.  Por ejemplo, el podcast menciona que en el desierto de Atacama en el norte de Chile se ubica uno de los vertederos más grande de ropa descartada.  

Puesto que esta ropa desprenda químicos peligrosos, estos vertederos presentan un problema grave para el medio ambiente y para los que viven cerca al desierto de Atacama.  Personalmente odio la cultura del consumo que tenemos en los EEUU y la industria de moda rápida (fast fashion).  No voy de compras con frecuencia y prefiero comprar ropa que dura.  Necesitamos asumir la responsabilidad porque los ciudadanos en los países ricos conducen al desarrollo del cambio climático con estos productos descartados."
10632b4,1673134009.0,,kwexxler,Streak 25: ¿Qué te hace sentir viejo/a?,"Pues, me parece extraño contestar esta pregunta porque todavía soy joven, pero el tiempo pasa muy rápido y siento que ya hay una brecha desarrollándose entre mi generación y la generación más joven.   Por ejemplo, me sorprende ver a los niños llevando los móviles.  Por supuesto, soy un poco hipócrita porque mis padres me regalaron un móvil cuando tenía 12 años, pero la diferencia es que no tuve acceso a las redes sociales hasta mucho más tarde.  Sólo usaba mi móvil para textear a mis padres y amigos y jugar algunos videojuegos.  

También me hace sentir vieja la obsolescencia de los CDs y los vinilos.  Recuerdo usando las cintas de casete cuando era niña pero ya no se usa ese tipo de tecnología.  Estoy colectando los CDs de mis bandas favoritas pero me resulta difícil porque muchas tiendas ya no los venden.  Quiero que los vinilos y los CDs vuelvan a ser populares porque me encantan las cosas antiguas."
105bqoy,1673054363.0,,kwexxler,Streak 24: Mi mascota,"Quiero a mi gata mucho, ella siempre me pone de bien humor.  Ella es muy linda pero traviesa – le gusta destrozar nuestras sillas y usarlas como una poste rascadera.  Mi mamá siempre se queja pero nuestra gata es tan preciosa que se le puede perdonar.  La adoptamos hace tres años y aunque todavía sea muy tímida ella es muy dulce.  Tiene mucho miedo de los desconocidos, porque es un rescate que creció en las calles, pero con nosotros siempre es muy cariñosa.  No sé qué haría sin ella."
104bfd6,1672955662.0,,kwexxler,Streak 23: ¿Hay animales de los que tienes miedo?,"Sinceramente tengo miedo de los perros.  Personas me tratan como si fuera una loca cuando digo que no me gustan los perros. No me ha pasado algo traumático pero cuando era nina hubo algunos incidentes en los que los labradores retriever se me acercaron y saltaron sobre mi.  Estaban amables pero me asusté porque eran más grandes que yo.  

Hasta hoy en día me pongo nerviosa alrededor de los perros porque se pueden volver agresivos.  Tal vez es un miedo irracional, pero sus colmillas me asustan."
103j9is,1672876204.0,,kwexxler,Streak 22: Conseguir trabajo,"Puesto que las vacaciones de invierno terminan pronto y necesito regresar a la universidad, pienso conseguir trabajo.  Como muchos estudiantes universitarios, quiero tener mi propio dinero y dejar de depender de mis padres.  Me gusta tener un poco de dinero extra, especialmente porque quiero empezar clases particulares de guitarra, lo que suelen ser caras.  Por eso, voy a tratar de conseguir trabajo en mi campus, pero nada tan estresante porque mis notas son lo mas importante."
102qs5t,1672797817.0,,kwexxler,Streak 21: El peligro del fútbol americano,"Anoche estaba viendo el partido del fútbol americano, lo que no suelo ver, pero mi familia quería apoyar a su equipo favorito, los Buffalo Bills. Sin embargo, me di cuenta de que cometí un error viendo el partido, porque hubo una gran tragedia sin precedente. Uno de los jugadores se le chocó y se desplomó en el campo, sufriendo un paro cardiaco debido al choque. Él murió y los médicos le dieron reanimación cardiopulmonar.  

Afortunadamente, el jugador fue revivido después de 9 minutos pero está en el hospital y no se sabe su estatus actual.  Después de tantos minutos sin oxígeno, el cerebro sufre daño grave.  

Este accidente me recuerda de nuevo lo peligroso que es el fútbol americano.  La liga nacional del futbol americano quería que el partido continuara, pero los dos equipos se negaron porque fue una experiencia traumática. A la liga solamente le importa el dinero, y les da igual la cantidad de heridas sufridas por los jugadores.  Creo que este deporte es demasiado peligroso y necesitamos implementar reformes."
101s2zg,1672703988.0,,kwexxler,Streak 20: Ir de compras,"Recientemente mi mamá me lleva con ella a las tiendas porque muchas cosas están en venta durante las vacaciones de invierno, pero realmente no me gusta ir de compras.  Me pongo impaciente porque tenemos estilos muy distintos de ir de compras.  Prefiero entrar la tienda, agarrar lo que necesito, e irme.  Sin embargo, mi mamá toma horas para mirar la ropa y tomar una decisión.  Al principio, me gusta echar un vistazo a las tiendas locales con ella, pero después de horas quiero volver a casa.  Así que le propongo un trato a mi mamá: la acompaño si puedo poner mi música en el coche jaja"
100kh1z,1672582287.0,,kwexxler,Streak 19: ¡Feliz Año Nuevo!,Espero que todos en este servidor tengan un próspero año nuevo.  Me acosté temprano anoche pero me divertí con mi familia.  Mis vecinos encendieron los fuegos artificiales y fueron hermosos — aunque mi pobre gato se asustó.  Esta mañana me estoy relajando pero estoy deseando empezar a cumplir mis própositos para el año nuevo.
zzekut,1672441981.0,,kwexxler,Streak 18: Adicción al chicle,"Tengo que admitir que tengo una adicción rara.  Estoy enganchada al chicle e intento reducir mi consumo de él. Lo uso para perder peso porque mascar chicle me impide comer más, pero me doy cuenta que eso no es saludable.  ¡A veces puedo comer un paquete de chicle al día! Obviamente es más saludable que fumar cigarillos.o vapear pero el azúcar artificial me afecta la digestión.  Voy a dejar de mascar chicle completamente porque es un hábito terrible para mí."
zygblf,1672347674.0,,kwexxler,Streak 17: Mis propósitos para el año nuevo,"Estoy pensando en mis propósitos para el año nuevo y quiero realizar las metas que había abandonado.   En primer lugar, me voy a dedicar a estudiar español.  Llevo años estudiando pero siento que podría avanzar más si no fuera tan perezosa y si practicara todos los días.  A partir del uno de enero, intentaré escuchar un podcast breve de español cada día (mi favorito es RadioAmbulante) y leer un libro en español cada mes anotando el vocabulario desconocido en un google doc.  

Además, quiero volver a ser una ávida lectora. Solía tener siempre mi nariz metida en un libro pero recientemente no he tenido las ganas.  Quiero dejar de estar enganchada a mi móvil y empezar a leer libros de nuevo, tal vez de tres a cinco a mes.  

Creo que estas son metas alcanzables y no demasiado ambiciosas.  Puedo practicar español y leer libros a casa, no requiere que yo haga algo costoso o laborioso.  Por eso, estoy deseando que llegue 2023 porque realmente quiero un nuevo comienzo."
zxtxdd,1672283313.0,,kwexxler,Streak 16: Descanso,No quiero tomar otro descanso pero tengo un dolor de cabeza así que me voy a dormir
zx0sd8,1672203442.0,,kwexxler,Streak 15: El frío,"Soy muy friolenta, absolutamente odio el frío.  Mi mamá intenta convencerme de ir de excursión con ella porque a ella le encanta hacer ejercicio afuera a pesar del frío.  Me dice que estoy perezosa por no querer dar un paseo con ella pero estoy harta del invierno.  Aunque me gusta donde vivo (además del clima terrible) y no quiero mudarme, me gustaría viajar a una isla soleada durante estos meses brutales de invierno.  Mis amigos de la costa oeste estaban emocionados experimentar su primer invierno y ver la nieve, pero les dije que uno se harta de la nieve muy rápido.  Al principio, se ve bonita pero se convierte en aguanieve sucia que bloquea las carreteras.  Tal vez soy aguafiestas — ¡pero estoy deseando que llegue la primavera!"
zw0l02,1672098297.0,,kwexxler,Streak 14: ¿Deben estar abiertas las tiendas en Navidad?,"Ayer me entristeció que hubiera muchas tiendas abiertas.  Mi mamá quería irse a comprar algunos ingredientes, pero le dije que no deberíamos ir a las tiendas durante la Navidad.  Es una vergüenza que haya tantos empleados que necesitan trabajar durante las vacaciones.  Todos se merecen un descanso de al menos un par de días (además del fin de semana) y no es justo obligarles a trabajar en Navidad.  Obviamente los sitios esenciales como los hospitales deben estar abiertos, pero no es necesario para los supermercados.  Ojalá los empleados estuvieran bien pagados."
zv5lbd,1671999043.0,,kwexxler,Streak 13: Una práctica al azar,"Pues, primero – ¡Felix Navidad! Espero que todos en este subreddit tengan una feliz navidad rodeados de familia y comida rica.  Ayer cené con mis parientes para celebrar la Nochebuena y al final de la cena, tuve una práctica de español que no esperaba.  Me di cuenta de que la esposa del hermano de mi tío, quien yo no había conocido anteriormente, era colombiana.  Estábamos sentadas en lados opuestos de la mesa, así que no pude hablar con ella durante la cena.  Sin embargo, mi mamá estaba hablando con ella y le dijo que puedo hablar español.  Nadie en mi familia habla español porque somos italianos,  ¡y me sonrojé porque ella empezó a entrevistarme para averiguar mi nivel de español! Fue muy estresante porque rara vez tengo la oportunidad de comunicarme con un hispanohablante nativo fuera del aula.  Me encantó hablar con ella y me dijo que hablé muy bien.  Aunque estuviera nerviosa, ella se veía muy feliz hablando en su lengua materna.  Esta experiencia me ha inspirado mucho a continuar a aprender español :)"
zuonr1,1671935398.0,,kwexxler,Streak 12: una cena familiar,"Esta noche cené con mis parientes que no he visto desde hace mucho tiempo.  Fuimos a un restaurante y no esperaba que hubiera tanta gente.  Me decepcionó que el restaurante no ofreciera ningún opción vegana pero está bien, pedí una ensalada sin queso.  Sobretodo, fue una Nochebuena agradable con mi familia."
ztua1u,1671833862.0,,kwexxler,Streak 11: La nieve,"Hoy ha nevado mucho, y aunque me gusta ver el paisaje cubierto de nieve, puede ser inconveniente porque muchas personas van de compras antes de Navidad.  Es peligroso conducir porque las carreteras estás resbaladizas y los conductores se ponen impacientes.  Suelo tratar de evitar el caos comprando todos mis regalos de antemano, pero se me olvidó este año y tengo que apresurarme a comprarlos.  Fui al supermercado esta tarde para comprar los ingredientes para la cena navideña y fue muy caótico debido a la tormenta de nieve y el congestionamiento.  Por suerte, mi familia y yo nos vamos a relajar en casa para la Navidad."
zt4b9e,1671763163.0,,kwexxler,Streak 10: Descansito,"estoy muy cansado hoy, así que me tomo un descanso"
zs42fu,1671662890.0,,kwexxler,Streak 9: La música digital,"Escucho música cada día y poco a poco agrego más a la biblioteca grande de mis artistas y álbumes favoritos en Spotify. Sin embargo, me hace pensar en las ventajas y desventajas de la música digital.  Vivimos en una época en la que los CDs y vinilos se quedan obsoletos.  Por un lado, me encanta Spotify porque proporciona una colección digital sin límites por una barata cuota mensual.  Es super conveniente y puedo escuchar a cualquier artista o podcast en marcha.  

Por otro lado, estas plataformas de streaming ofrecen medios digitales que no se poseen, sino que se alquilan.  Su contenido es intangible porque tan pronto como canceles la subscripción, ya no tienes acceso.  Se presenta el mismo problema con las series de televisión y las pelis digitales en Netflix, por ejemplo.  Por eso, aunque los medios digitales sean convenientes, a veces los CDs y los vinilos proporcionan una opción mejor porque tienes los discos físicamente en tus manos, y ninguna plataforma de streaming te los puede quitar cuando dejas de pagar la tarifa mensual.  Por esta razón, me encanta visitar las tiendas de discos, porque tienen CDs y vinilos clásicos que puedo sostener y admirar."
zr219t,1671575966.0,,kwexxler,Streak 7: Los deportes,"La verdad es que no entiendo a los fanáticos de los deportes.  Me impresionan mucho los atletas pero pienso que a los aficionados les conviene calmarse un poco.  Es natural perderse en las emociones cuando tu equipo favorito marca una meta, pero a menudo los espectadores reaccionan de una manera de forma exagerada.  Por supuesto, la copa mundial fue un acontecimiento grande, pero en mi experiencia hablo del fútbol americano.  Ambos mi papá y mi hermano son fanáticos de su equipo y les tengo que decir que se tranquilicen.  Gritan a los jugadores en la televisión y siempre hay un gran bullicio cuando su equipo vence al equipo rival.  Entiendo que es emocionante, pero yo y mi mamá no podemos ver nuestros programas de televisión mientras que ellos ven los partidos durante horas y es poco molesto."
zqagdw,1671500371.0,,kwexxler,Streak 7: Vender los bienes usados,"Hoy subí una publicación a eBay para vender mis bienes usados.  Tengo algunos cachivaches alrededor de la casa que ya no uso y es mejor que los venda.  Por ejemplo, tengo un Playstation que no he usado desde hace años que otra persona podría usar, justo a tiempo para la Navidad.  Me alivia deshacerme de tantas cosas viejas que se acumulan en mi casa.  Además, mis padres guardan muebles antiguos en el sótano que iban a donar, pero son antigüedades preciosas así que les sugerí que las vendieran.  Mis padres no son expertos en tecnología y nunca hemos usado eBay, pero es una manera conveniente de vender las cosas que ya no necesitamos."
zpb1s1,1671404536.0,,kwexxler,Streak 6: Mi pueblo acogedor,Hoy di un paseo por la calle principal de mi pueblo con mi mamá y me encantaban las vibras navideñas.  Los faroles se adornaban con coronas de navidad y luces festivas.  Había mucha gente caminando por las calles disfrutando la música navideña y bebiendo chocolate caliente.  Incluso vi a algunos ancianos vestidos como Santa mientras que mi mamá y yo entramos en las acogedoras tiendas de antigüedades.  Esta plaza pequeña de mi pueblo siempre me pone de bien humor y me llena con un espiritú festivo.  ¡Es como un microcosmo de la ciudad de Nueva York!
zojt30,1671320397.0,,kwexxler,Streak 6: Ir de compras,"Hoy fui de compras con mi familia para prepararnos para las vacaciones de invierno.  Sin embargo, las tiendas estaban muy abrumadoras, porque todo el mundo tuvo la misma idea de ir de compras el fin de semana anterior a Navidad.  Me costó trabajo ubicarme en el ajetreo de gente.  Siento por los empleados durante el caos antes de Navidad, porque necesitan enfrentarse a la inundación de clientes exigentes.  Se merecen un aumento de sueldo.  ¡Me volvería loca si tuviera que trabajar durante las vacaciones de invierno!"
znsc82,1671233330.0,,kwexxler,Streak 4: Una nueva guitarra,Hoy realice mi sueño de empezar a tocar la guitarra.  Estaba un poco intimidada ir a mi tienda de música porque no sé nada de guitarras pero los empleados me ayudaron.  Pasé tres horas tocando varias guitarras hasta encontrar la perfecta.  Es de un color iridescente que cambia de color entre el azul y el morado.  Los empleados me ofrecieron un precio genial y estoy muy feliz con esta guitarra.  Pienso usar videos en Youtube o en otras plataformas para enseñarme a mí misma.
zmbttb,1671077769.0,,kwexxler,Streak 3: Un post cortito,No tengo ni idea de qué escribir esta noche.  Acabo de ver una peli con mis padres y ya es tarde pero no tengo ganas de dormir.  No me gusta trasnochar pero tampoco estoy cansada.  Voy a intentar descansar pero me pongo inquieta durante estas horas tardes.  Ojalá duerma lo suficiente porque necesito levantarme temprano mañana.
zlc9cc,1670978162.0,,kwexxler,Streak 2: Las vacaciones de invierno,"Acabo de terminar mi último examen final para el semestre, y mañana finalmente puedo volver a casa y empezar las vacaciones de invierno.  Estoy deseando volver a casa y estar con mi familia y mi gatito.  Me encantan las vibras navideñas y ojalá visite la ciudad de Nueva York, porque la ciudad es un espectáculo durante la navidad.  Me gustaría ver el majestuoso árbol de navidad en medio del centro de Rockefeller y dar un paseo por la ciudad porque no la he visitado desde hace muchos años."
zk7gk4,1670870563.0,,kwexxler,Streak 1: Tocar la guitarra,"Hoy empiezo mi racha de nuevo para escribir sobre una nueva inspiración. He decidido que lo antes posible voy a aprender a tocar la guitarra. He tocado el violín desde hace una década pero la verdad es que no toco muy bien.  Solía tocar en varias orquestas al nivel intermedio pero sinceramente no es mi instrumento preferido.  Mis grupos favoritos de rock, punk y metal me han inspirado mucho y pienso intercambiar mi violín por una guitarra eléctrica.

Tengo miedo de que sea demasiado tarde para aprender un nuevo instrumento, ya que tengo 19 años.  A esta edad, ya hay muchos prodigios y músicos talentosos que han tocado desde su niñez.  Esta realidad me decepciona pero no quiero ser una guitarrista prodigiosa, sólo quiero aprender a tocar mis canciones favoritas y rockear.  Por eso, nunca es demasiado tarde para aprender un instrumento."
zfo5k4,1670471712.0,,kwexxler,Streak 4: La poesía,"Recientemente he explorado la poesía, lo que escribía con frecuencia de niña pero ya no tanto.  Solía ser más creativa pero actualmente no tengo mucho tiempo para leer y escribir y también no creo que sea muy talentosa.  Mi escritura y mis poemas me dan un poco de vergüenza porque a veces pienso que no son profundos o son cursis.  Sin embargo, trato de escribir poemas todos los días (aunque yo no se los muestre a nadie) sólo para expresarme y tener un catarsis emocional. Les recomiendo a todos intentar escribir la poesía porque es un ejercicio calmante."
zeqjbl,1670382896.0,,kwexxler,Streak 3: Cien años de soledad,"Esta noche estoy muy agotada y no tengo muchas ganas de escribir pero lo tengo que hacer de todos modos para mantener mi racha.  En mi tiempo libre he empezado a leer \*Cien años de soledad\* por Gabriel García Márquez y me gusta mucho pero es un gran reto para mí.  Entiendo la trama pero el libro está lleno de palabras avanzadas, así que cuando lo leo tengo mi diccionario a mi lado y un cuaderno para crear una lista del vocabulario nuevo del texto.  Es una práctica enriquecedora y deseo integrar estas nuevas palabras en mi escritura.  Escribiré otra publicación cuando lea más del libro."
zdl1rf,1670277046.0,,kwexxler,Streak 2: El fin del semestre,"Hoy fue mi última día de clase para el semestre.  Los tres meses han pasado tan rápido que apenas los puedo procesar.  Estoy deseando que lleguen las vacaciones la próxima semana.  Afortunadamente,  tengo un sólo examen final, y para otra clase necesito entregar un proyecto final, pero no conlleva mucho trabajo.  Creo que todos los estudiantes nos merecemos un descanso, pero el próximo semestre siempre llega demasiado temprano.  Ojalá pueda relajarme y disfrutar de las festividades."
zcf37s,1670173521.0,,kwexxler,Streak 1: Perdí mi racha,"Esta semana perdí mi racha porque estaba enferma con la coronavirus.  Mi racha de 22 días no es tan impresionante pero me enfada perderla porque me cuesta trabajo comprometerme a una práctica diaria.  Afortunadamente me estoy mejorando, pero la semana pasada fue una pesadilla.  Es la primera vez que me he enfermado con COVID, y supongo que la inmunidad de la vacuna de refuerzo que recibí hace más de un año haya disminuido porque tuve síntomas tan intensas que no podía levantarme de la cama.  Estaba decepcionada no poder estar presente para las últimas clases del semestre, pero por lo menos ya no necesito estar en cuarentena.  Por tres días me quedé sin voz y ni siquiera pude hablar por teléfono con mis padres.  Ahora puedo hablar aunque tenga tos.  Sólo me alivia haber superado esta enfermedad."
z9ca7s,1669863793.0,,kwexxler,Streak 23: Densanso,Hoy descanso porque estoy enferma
z80ak1,1669743040.0,,kwexxler,Streak 22: Estoy enferma,"Cuando me desperté ayer tenía un dolor de garganta que gradualmente empeoraba.  Asistí a mis clases llevando la mascarilla pero apenas podía enfocarme por esta enfermedad. Anoche tuve escalofríos y me dolía todo el cuerpo tanto que tomé tres adviles.  Estoy enfadada porque por tres años he tenido mucho cuidado con mi salud y nunca me he enfermado desde el otoño de 2018 — no he tenido COVID ni una vez (que yo sepa) y recibí las tres vacunas.  Tengo un sistema inmunitario débil y el asma así que soy fastidiosa en lavarme las manos y ponerme la mascarilla en lugares concurridos.  

Ojalá esta enfermedad no sea COVID o la gripe, porque la gripe se está propagando entre los estudiantes de mi facultad.  Creo que tengo fiebre pero no sé qué hacer; necesito asistir a mis clases para aprobar mis exámenes pero no quiero que mis compañeros se enfermen."
z732o1,1669657743.0,,kwexxler,Streak 21: Hurricane María,"Aunque ya hayan pasado años desde que el huracán María pasó por Puerto Rico, la devastación continúa para la gente puertorriqueña.  Las secuelas del huracán es el tema actual de mi clase de español y discutimos los varios documentales, podcasts, y testimonios que hemos explorado.  Lamento que previamente no sabía mucho sobre el huracán Maria y su efecto en Puerto Rico.

En mi clase nos enfocamos en el estatus de Puerto Rico como un territorio de los Estados Unidos y en la realidad de que los puertorriqueños se consideran ciudadanos de segunda clase desde la perspectiva del gobierno estadounidense.  La respuesta de los EEUU a esta crisis durante la administración Trump fue terrible.  FEMA suele ayudar a los afectados de estas crises a encontrar una vivienda permanente, pero apenas ha ayudado a las víctimas del huracán María.  Les proporcionó una vivienda temporal en los hoteles por algunos meses, y después les soltó sin ayudarles a encontrar un lugar permanente, así que los refugiados puertorriqueños en los EEUU estaban desplazados y abandonados.  

Como estadounidense, estoy avergonzada de la respuesta de mi gobierno a esta crisis. Me acuerdo de aquel video de Trump tirando ruedas de toalla de papel a los refugiados del huracán de Puerto Rico, ¡qué desgracia! Desafortunadamente, todavía hay mucha xenophobia en los EEUU hacia la comunidad latina que impide que los desplazados y los refugiados reciban la ayuda que necesitan.  Necesitamos mejorar la relación entre Puerto Rico y los EEUU, ya sea en la forma de la independencia o la estadidad para la isla para que pueda recuperarse y desarrollarse."
z66t9i,1669569599.0,,kwexxler,Streak 20: Un borrado accidente,"Acabo de escribir un post para mi racha de que era muy orgullosa y antes de que lo pudiera publicar, ¡lo borré por accidente! Se trataba de la profundidad de los videojuegos narrativos como un medio de contar historias, y fue un tema de que soy muy apasionada.  Presioné deshacer pero no hizo nada para recuperar la escritura.  Así que nada, no lo voy a reescribir porque consistía en un par de párrafos y soy demasiado perezosa.  ¡Mañana tendré cuidado para no cometer el mismo error!"
z5r2eu,1669521920.0,,kwexxler,Streak 19: Un nuevo móvil,"Hoy mi papá me trajo a la tienda para comprar un nuevo móvil.  No se lo pedí porque mi iPhone 8 me ha servido bien, pero supongo que después de cinco años está un poco lento y desgastado.  Sinceramente no me gusta comprar nuevos dispositivos electrónicos porque, además de que son caros, no quiero participar en la cultura del consumerismo.  Por supuesto, soy hypócrita porque tengo varios productos de Apple, pero intento extender sus duraciones por el mayor tiempo posible en vez de comprar el nuevo iPhone tan pronto como se estrene.

Ahora, los aparatos electrónicos se hacen más frágiles como si fueran desechables para animarles a los clientes a gastar más dinero en el más reciente.  Por eso, aunque le agradezca mucho a mi papá por regalarme un nuevo móvil, me pregunto si era necesario."
z4xk4u,1669435644.0,,kwexxler,Streak 18: El cansancio,"Mientras escribo apenas puedo mantener los ojos abiertos.  Últimamente me he sentido tan cansada que duermo más de diez horas a noche.  Estoy de vacaciones por una semana así que supongo que debería aprovecharme del descanso, pero me preocupa sentirme agotada aún durante el día.  Necesitaré ir al doctor si este problema persiste, pero ahora me voy a acostar."
z4056x,1669339356.0,,kwexxler,Streak 17: Descansito,hoy tomo un descansito para el Día de Acción de Gracias
z35q13,1669250743.0,,kwexxler,Streak 16: Problemas de comprensión,"En mis estudios de español, me frustra no poder entender los programas de televisión, las películas, y la música.  Aún cuando veo las series y las películas que se supone que son fáciles de entender en español, me cuesta trabajo comprender las escenas y la jerga.  A veces hablan tan rápido que no puedo entender nada.  Por supuesto, suelo usar subtítulos, porque incluso cuando veo las series en mi lengua materna me cuesta escuchar el diálogo.  Sin embargo, me gustaría tener la satisfacción de comprender el español sin depender de los subtítulos.  Tiendo miedo de que no podré comunicarme en una conversación fuera del aula porque a veces personas hablan rápido.  Trato de escuchar un podcast en español cada día para facilitar mi comprensión."
z2c90r,1669169031.0,,kwexxler,Streak 15: Una meta personal,"Me entristece pensar en cómo solía ser atleta que nadaba todos los días y corría millas, porque actualmente me he dejado ir mucho.  Entre el estrés de la facultad y el ajetreo de mi vida no he podido estar físicamente activa.  Sin embargo, he empezado a ir al gimnasio con más frecuencia, lo que me inspira a cumplir mi meta personal de recuperar mi resistencia al correr.  

Hace dos años, corría todos los días y me enforzaba tanto que eventualmente me lastimé el peroné.  Me devastó enterarme de que no podría correr durante seis semanas para descansar mi pierna.  Después de meses todavía me dolía el peroné, así que decidí dejar de correr por un rato.  Ahora, quiero volver a correr.  Sólo puedo durar 15 minutos, pero trato de no frustrarme porque el progreso toma tiempo.  Poco a poco puedo recuperar mi fuerza."
z1go75,1669080786.0,,kwexxler,Streak 14: El Día de Acción de Gracias,"Estoy emocionada de ver a mi familia para este Thanksgiving.  No sé exactamente nuestros planes para el día, pero creo que pensamos ir a la casa de mi abuela, ya que no la he visto desde hace meses.   Mañana, mis padres me recogerán de la facultad y empezaré mi semana de vacaciones.  Estoy deseando volver a casa y tener un descanso de mi tarea.  Sin embargo, Thanksgiving siempre me da estrés debido a que a veces hay conflicto entre mi familia.  Muchas personas tienen al tío racista que tiene ganas de pregonar su ideología política y fomentar un argumento durante la cena, y desafortunadamente no soy una excepción.  Tengo miedo de que alguien en mi familia haga comentarios sobre el hecho de que soy vegana.  Quiero a mi abuelita mucho pero a veces no entiende mi dieta y me pregunta por qué no estoy comiendo el pavo e insiste que lo como.   
Por eso, aunque todavía abrazo esta oportunidad de ver a mi familia después de tanto tiempo, Thanksgiving siempre es una vacación un poco agotadora."
z0huq3,1668984436.0,,kwexxler,Streak 13: La nieve,"Ya ha empezado la nieve donde vivo. Aunque soy friolenta y no me gusta el invierno, admito que la nieve está atrasada.  Justo hace un par de semanas el clima fue tan caluroso que se pareció al verano.  Parece que nos saltamos el otoño y hemos pasado directamente al invierno del verano.  El frío es desagradable pero el paisaje cubierto en la nieve fresca se ve bonito.  A noche las luces de los edificios con vistas al valle iluminan el suelo blanco y crea un efecto iridescente.  Por eso, a pesar de mi odio hacia el clima frío, me encanta la belleza de la nieve y de la estética del invierno."
yzr815,1668906201.0,,kwexxler,Streak 12: COP27,"Esta semana, acabó de concluir la vigésima séptima reunión mundial para enfrentarse al calentamiento global.  Tuvo lugar en egipto por dos semanas, durante las cuales varios líderes nacionales se juntaron para discutir su progreso en combatir esta crisis y plantear nuevas ideas para cumplir sus metas.  Aunque han adelantado en reducir las emisiones de gases de efecto invernadero, ningún país ha logrado los objetivos establecidos en el Acuerdo de Paris de 2016.  

En teoría es bueno que la mayoría de las naciones concuerden con la misión de prevenir la catástrofe del cambio climático y cambiar a energía sostenible.  Sin embargo, teniendo en cuenta las cifras incontrovertibles del calentamiento global, creo que esta conferencia es insuficiente y performativa.  Puesto que la conferencia ofreció carne en su menu (lo que contribuye mucho a las emisiones de gases de efecto invernadero) y los líderes viajaron a Egypt en aviones privadas, no creo que esta crisis se esté tomando en serio.  No me gusta ser pesimista, pero es probable que el cabildeo de las empresas de combustibles fósiles sea demasiado poderoso para luchar."
yytp67,1668803144.0,,kwexxler,Streak 11: Mis Preferencias Musicales,"A lo largo de mi adolescencia, mis preferencias musicales han cambiado mucho.  No escuché música mucho hasta los diecisiete años, cuando descubrí el mundo del rock clásico.  Nunca me ha gustado la música pop, así que mis padres me presentaron a una variedad de bandas clásicas de los años 70 y 80 como Journey, Boston, Blondie, y más.  Escuchaba estas canciones energéticas cuando hacía ejercicio y me daban mucha motivación.  Sin embargo, el año pasado me aficioné al punk rock y me encanta aún más que el rock clásico.  Me motiva esta música muy intensa y llena de angustia, y cada día me entero de nuevas bandas increíbles.  Además, me gusta que muchos temas de punk rock tengan que ver con las políticas radicales y las revoluciones anti-capitalistas.  Algunos de mis grupos favoritos son Bad Religion, The Offspring, Anti-Flag y Sum41, que creo son algunos de los más conocidos y populares.  Espero encontrar aún más grupos para escuchar."
yy98nb,1668740098.0,,kwexxler,Streak 10: Computadora Rota,"Hoy se rompió mi computadora, lo que me frustra porque me impide completar la tarea.  Preferiría que mi móvil se rompiera porque tengo acceso a todo en mi portátil y lo necesito para mis clases.  Me molesta tener este problema porque nunca lo he dejado caer y no sé cómo se rompió.  Además, la sesión de exámenes finales se está acercando y necesitaré mi portátil para estudiar.  Técnicamente funciona pero hay líneas negras y de otros colores que bloquean un poco de la pantalla.  Intentaré repararlo porque los MacBooks son caros y quiero que esta computadora dure por mucho tiempo, ya que no puedo permitirme otra."
yx8sqj,1668638757.0,,kwexxler,Streak 9: Renunciar al trabajo,"Esta semana decidí renunciar a mi trabajo debido al estrés que me causa.  Soy estudiante universitaria, así que afortunadamente este empleo no es tan importante porque mi responsabilidad principal es la educación. Mis turnos no me dejaban tiempo suficiente para estudiar e ir al gimnasio, lo que es esencial para mi bienestar.  Me siento un poco decepcionada en mí misma porque el empleo me ha proporcionado experiencia laboral, pero reconozco que fue la decisión correcta renunciar.  Al principio, a mis padres no les gustó esta decisión, pero me dijeron que la apoyarían si ayudara a mi salud mental.  Tengo mucha suerte tener esta oportunidad de alejarme del empleo, ya que mucha gente no puede renunciar a su trabajo por la falta de dinero."
yweg9o,1668558373.0,,kwexxler,Streak 8: El ejercicio,"A pesar de mi horario ocupado, intento ir al gimnasio todos los días para adelgazar un poco y estar en buena condición física.  Sin embargo, me cuesta trabajo encontrar el tiempo para hacer el ejercicio.  Afecta mi salud mental cuando no puedo ir al gimnasio pero a menudo no tengo la confianza porque pienso que la gente más dedicada me juzga por no ser atlética.  Solía ser nadadora en varios equipos pero durante de la pandemia me dejé ir y ya no nado.  Ahora quiero recuperar la fuerza y la resistencia que solía tener."
yucb03,1668369684.0,,kwexxler,Streak 8: ¿Cómo sabes que estás enamorado?,"Creo que todos nos sentimos emociones parecidas cuando estamos enamorados, pero a veces estas emociones son difíciles de identificar.  Personalmente, soy muy introvertida y necesito tiempo sola, pero sé que estoy enamorada de alguien cuando paso horas con la persona y todavía quiero pasar más tiempo con él or ella.  Es decir, nunca me hartaré de su companía.  Cuando me siento ese deseo de quedarme a su lado por horas, me indica que realmente estoy enamorada de la persona."
ytbxfj,1668271082.0,,kwexxler,Streak 8: ¿Qué es lo que arruina instantáneamente una película o un programa de televisión para ti?,"El tema de hoy me interesa mucho, ya que soy un poco selectiva con las películas y los programas de televisión que veo.  Creo que todos pensamos en lo que hace que un programa o una película sea verdadamente genial, y yo diría que consiste en una variedad de elementos.  Sin embargo, lo que arruina instantáneamente lo que estoy viendo es la actuación mala.  Si los actores no presentan el diálogo de una manera natural y cautivadora, completamente arruina la inmersión.  Mi otra respuesta sería un guión mal escrito, porque la escritura es la fundación de la historia, pero hay series y películas que me encantan a pesar de una escritura mediocre porque los personajes y la actuación me captivan.  Creo que los actores talentosos pueden compensar un guión un poco mal escrito, pero un guión fantástico no puede compensar la actuación terrible."
ysl1wh,1668196334.0,,kwexxler,"Streak 7: ¿Apoyas que se cobren impuestos a la gente para evitar que sean ""demasiado ricos""?","Estoy de acuerdo de que se deberían cobrar impuestos a la gente para evitar que sean ""demasiado ricos,"" pero creo que mucha gente malinterpreta esta medida.  Los que se oponen a cobrar impuestos a los con más riqueza piensan que significa robarle el dinero a los ricos que lo ganaban honestamente.  Sin embargo, cobrar impuestos a los millionarios o billionarios ahorraría más dinero para invertir en recursos como la educación, la asistencia sanitaria universal, etc. 

También es importante reconocer que los billionaires tienen un nivel de riqueza exorbitante e incomprensible y lo han conseguido a través de la explotación.  Billionaires como Jeff Bezos y Elon Musk se aprovechan de los obreros que están tratando de ganarse la vida, y sirven como ejemplos de la codicia y la desigualdad.  Es decir, es imposible alcanzar ese nivel de riqueza sin explotar a alguien.   
En adición, hay que considerar que para realmente cambiar el sistema, necesitamos reformas sistémicas además de subir los impuestos a los ricos."
yrx7w7,1668128821.0,,kwexxler,Streak 6: ¿Qué te impide tener la vida que quieres?,"Creo que la respuesta a esta pregunta, para muchas personas, es el dinero.  La falta de dinero nos impide realizar nuestros sueños y hacer lo que realmente queremos hacer.  Muchas personas se restringen por la pobreza y el estrés de no tener lo suficiente para gozar de sus vidas. 

Se dice que ""el dinero no compra la felicidad.""  Esta declaración tiene matices, pero no estoy completamente de acuerdo.  Hay un cierto umbral de dinero más allá del que el dinero simplemente es algo superficial e insignificante, pero para los que no tienen mucha riqueza, el dinero les puede aportar los recursos para invertir en sus futuros y pasatiempos.  No tendrían que aguantar un empleo monótono que no les satisface. Personalmente, si tuviera más dinero podría perseguir mis pasiones, y ya no necesitaría preocuparme por el costo de la universidad.  Tendría mucho mas libertad y podría hacer lo que quiera.  Es un sueño imposible, pero todos podemos soñar."
yqzqm2,1668038459.0,,kwexxler,Streak 5: ¿Qué mejor acompaña al café o al té?,"Como muchos estudiantes de la universidad, estoy enganchada del café. Durante los primeros 18 años de mi vida nunca tenía ganas de probarlo pero actualmente me encuentro teniendo un antojo del café cada mañana.  Lo bebo con leche de avena y un poco de azúcar, pero no suelo acompañarlo con comida.  Lo que creo que mejor acompaña al café es un libro y el ambiente calmante de la biblioteca.  Para mí es un ritual que me hace sentir organizada y dispuesta a empezar el día.  

Sin embargo, estoy tratando de reducir mi consumo del café porque la cafeína es adictiva.  A veces reemplazo el café por las bebidas de energía como Monster, lo que puede ser peligroso y me da ansiedad por la cantidad de cafeína que tiene.  Por eso, me conviene dejar de beber el café, aunque lo amo mucho."
ypp7b1,1667920647.0,,kwexxler,Streak 4: ¿Qué es lo más bonito que has encontrado en la naturaleza?,"Creo que mi respuesta para el tema del día es limitada porque no he viajado a muchos lugares.  Me he quedado en una región específica de los EEUU y aunque visité Puerto Rico hace muchos años, no recuerdo mucho del paisaje.  Por eso, no he estado expuesta a sitios diversos en la naturaleza.  

Sin embargo, donde vivo hay una variedad de gargantas hermosas que atraen a muchos turistas y se rodean de arboles bonitos que cambian de color durante el otoño.  En octubre, estas gargantas llenas de cascadas está sombreadas por hojas vistosas y es una vista espectacular.  Hay muchos caminos para hacer caminata dentro de las gargantas que nos dejan gozar del paisaje, pero se necesita tener cuidado.  Las gargantas son bonitos, pero muchos han fallecido debido a las rocas mojadas y la altura.  A pesar del peligro, disfruto mucho de este bonito aspecto de la naturaleza donde vivo."
yp7d5r,1667871069.0,,kwexxler,Streak 3: ¿Sientes alguna vez que tu estado de ánimo cambia con las estaciones? ¿Por qué o por qué no?,"Absolutamente siento que mi estado de ánimo cambia con las estaciones.  Me encanta el clima tropical, pero donde vivo parece que el frío no tiene fin.  Los meses de invierno son deprimentes y oscuros y esto afecta mucho mi humor.  Prefiero los paisajes con sol y plantas florecidas.  Tengo  amigos que son de regiones desérticas que anticipan la nieve, pero les digo que aunque la nieve sea bonita al principio, es un fenómeno del que rápidamente se harta.  El año pasado me frustró que nevara en abril porque sólo quería que llegara la primavera.  

Hay aspectos de las estaciones más frías que sí me gustan, como la estética del otoño y la comodidad de las vacaciones de invierno.  Sin embargo, asistir a la universidad durante estos meses es bastante deprimente."
ynxnou,1667758091.0,,kwexxler,Streak 2: Sólo puedes guardar un recuerdo de tu vida. ¿Qué recuerdo eliges?,"Pues la pregunta para hoy me resulta difícil de contestar.  Tengo tantas memorias queridas y me cuesta trabajo eligir sólo una.  Algunos recuerdos que me gustaría preservar son las vacaciones a Puerto Rico con mi familia, el primer día de la universidad, o mi primer concierto de orquesta en la escuela secundaria.  Estos momentos son bastante importantes para mi y representan tiempos felices de mi vida.  Es probable que se me olvide otra memoria preciosa, pero las que mencioné se me destacan.  

Al pensar en el tema de hoy, los primeros recuerdos que tuve en cuenta fue los de logros personales.  Sin embargo, los que realmente me hacen nostálgica tienen que ver con mi familia.  Me entristece contemplar que, con el paso del tiempo, más recuerdos me eludirán."
yna7ww,1667691270.0,,kwexxler,Streak 1: Qué no le desearías a tu peor enemigo?,"No le desearía a mi peor enemigo la depresión clínica.  Todos experimentamos alguna forma de tristeza en nuestras vidas, pero la depresión clínica es un trastorno más grave que te impide funcionar y hacer quehaceres básicos.  He padecido de la depresión por varios años y es algo debilitante de que no quiero que incluso mi peor enemigo sea víctima.  Actualmente, los problemas de salud mental reciben más atención, pero hay factores sistémicos (cómo la preocupación por la salud y el sistema educativo) que necesitamos mejorar.

La soledad es una amenaza insidiosa, y la depresión te hace sentir completamente solitario.  Hace que te descuides y te roba la esperanza.  No solo son las síntomas que te afectan, sino también el prejuicio de otros — la depresión lleva una cierta stigma.  A veces, otras personas la confunden con la indolencia o la falta de responsabilidad.  Por eso, es algo que necesitamos enfrentar con menos timidez y más empatía."
