125xl1f,1680116857.0,,Vengeful_Turtle,Streak 26: El amor-pasi√≥n,"29 de marzo de 2023

En mi clase de espa√±ol ayer hablamos sobre la novela *La fuerza del amor* escrita por Mar√≠a de Zayas y Sotomayor. Hubo algunas preguntas que tuvimos que responder para la tarea y una de esas nos pregunt√≥ nuestra opini√≥n sobre el amor-pasi√≥n. A mi profe le encanta la literatura y c√≥mo se retrata el amor en las novelas, poemas, teatros etc. A m√≠ no me gusta mucho la poes√≠a porque prefiero que los autores digan lo que quieren decir. Me cuesta entender la poes√≠a incluso en ingl√©s.

Creo que mi profe estaba desilusionada despu√©s de preguntarnos sobre el amor-pasi√≥n. Mi amiga le dijo que es algo que pasa al inicio de la relaci√≥n pero esos sentimientos no duran mucho tiempo. O sea, solamente existen durante la fase de luna de miel y estoy de acuerdo con ella. Esos sentimientos no duran y pienso que estamos (estaremos?) desilusionados si seguimos busc√°ndolos y esperando que queden. Si no lo entendemos ni esperamos entonces pensaremos que el amor ya se fue de la relaci√≥n. Dije que es importante que busquemos otros motivos para valorar y mantener nuestras relaciones porque el amor perdura a√∫n despu√©s de la fase de luna de miel, pero es otra forma del amor. O sea, otra etapa del amor. De verdad, me gusta mucho esta etapa de las relaciones y del amor. Esta etapa me da la comodidad. Es la etapa de la relaci√≥n en la que puedo relajarme sin expectativas de ser mejor que como soy realmente. Es la etapa en la que me siento aceptada por la otra persona. 

Es que pienso que el amor-pasi√≥n existe pero en otra forma que se presente en las pel√≠culas y novelas. Creo que tengo mi propio concepto de que significa y c√≥mo se manifiesta en una relaci√≥n."
124vo6y,1680023752.0,,Vengeful_Turtle,Streak 25: Mi presentaci√≥n,"28 de marzo de 2023

Hablamos sobre uno de los libros de Mar√≠a de Zayas en mi clase de espa√±ol hoy. Se llama *La fuerza del amor* y se trata de una mujer en una relaci√≥n abusadora. Su padre la oblig√≥ a casarse con √©l para mantener la honra, porque (seg√∫n mi profe), la honra le importaba mucho a la gente de esa √©poca. La verdad es que las obras de Zayas son muy dif√≠ciles de entender. No s√© si es porque todav√≠a no tengo el nivel suficiente para entenderlas o porque el espa√±ol usado es viejo. O sea, del Siglo de Oro. 

Hice mi presentaci√≥n frente a la clase ayer. Dos amigos de una de los estudiantes vinieron a la clase y quedaron para ver mi presentaci√≥n. Not√© varios errores que comet√≠ pero en general creo que fue bien. Por lo menos se acab√≥, jaja.   


El semestre casi ha terminado pero todav√≠a tengo que escribir tres m√°s ensayos y algunas otras tareas. Ufff. 

Quiero decir que me gustar√≠a descansar pero la verdad es que voy a tomar m√°s cursos durante el verano. Estoy pensando en tomar uno o dos para seguir trabajando. Vamos a ver. Necesito trabajar much√≠simo durante los veranos y me toca hacer unas citas con el dentista. Odio ir al dentista, no solo porque de la experiencia sino que sea demasiado caro, jaja. En un mundo perfecto la asistencia dental ser√≠a incluida en los servicios del gobierno."
1246qx0,1679963707.0,,Vengeful_Turtle,Streak X: descanso,Descansito
1232yek,1679871657.0,,Vengeful_Turtle,Streak 24: La presentaci√≥n,"26 de marzo de 2023

He estado preparando la presentaci√≥n que tengo que hacer ma√±ana. Le voy a presentar a do√±a Mar√≠a de Zayas y Sotomayor a la clase antes de que leamos una de sus novelas. Quiero hacerlo bien pero siempre estoy muy nerviosa para las presentaciones. La verdad es que nunca me gustaba hablar frente a la clase pero cada vez es m√°s f√°cil. Y tenemos que hacer una presentaci√≥n al menos una vez cada semestre (para los cursos de espa√±ol, jaja).

Estoy aliviada de que no hay muchas personas en la clase. Siempre son m√°s dif√≠ciles con una audiencia m√°s grande.

En el pasado, siempre he tomado toda la clase para presentar pero solamente debe durar 15 minutos. Lo m√°s importante es el contenido, de verdad. Pero al mismo tiempo, hay mucha informaci√≥n y no puedo hablar muy r√°pidamente en espa√±ol, jaja.

Que tengan una buena noche."
12264ja,1679793037.0,,Vengeful_Turtle,Streak X: descanso,Que tengan una buena noche.
1210xyv,1679696618.0,,Vengeful_Turtle,Streak 23: El enga√±o de la IA,"24 de marzo de 2023

Estamos hablando sobre la noci√≥n del enga√±o en mi clase de sociolog√≠a que tiene que ver con la inteligencia artificial. Estamos hablando sobre qui√©n es responsable por el enga√±o que ocurre en torno a la inteligencia artificial.

Acabo de leer un art√≠culo que mencion√≥ un concepto de ""aire caliente"" (si tengo que dejar la informaci√≥n sobre el art√≠culo porque estoy hablando de ello, entonces, d√©jame saber y editar√© para agregar el autor y t√≠tulo) en el que se refiere a las verdades medias y exageraciones que son animadas por la narrativa proporcionada por los medios, la ciencia ficci√≥n, las noticias etc. Esta narrativa o ""aire caliente"" impone que la gente com√∫n crea que las IA son m√°s capaces de lo que son realmente. ¬øY qu√© es el resultado de esto? Pues, significa que la gente es enga√±ada por la industria para que pueda gastar el dinero y apoyar las compa√±√≠as tecnol√≥gicas.

Entonces, mi clase hizo otra pregunta: ¬øqui√©n est√° llevando a cabo el enga√±o? ¬øEs la IA o el programador que codifica la IA?

Hay dos niveles del enga√±o que ocurren con la IA. El primer tipo de enga√±o es del usuario. O sea, el enga√±o a escala individua. La persona tiene que estar dispuesta a ser enga√±ada por la IA. O sea, la persona tiene que desear creer que la IA sea inteligente realmente. Si no, no va a ser enga√±ada.

Otro tipo de enga√±o es al nivel del programador. Las IA no le est√°n enga√±ando a nadie con intenci√≥n, pero solamente est√°n llevando a cabo las acciones de su programa. No tienen la agencia moral. O sea, no tienen la capacidad de razonar ni tomar decisiones morales. Pero, los programadores, s√≠ - son agentes morales. Por esta raz√≥n, creo que es mejor decir que los programadores nos est√°n enga√±ando en lugar de las IA.

Es un tema muy interesante. La verdad es que ya he cambiado mi pregunta de investigaci√≥n para mi ensayo final, jaja. Ahora voy a escribir sobre el enga√±o y c√≥mo se manifiesta en torno a la IA.

Que tengan una buena noche."
1201a0a,1679613647.0,,Vengeful_Turtle,Streak X: Descansito,Que tengan una buena noche.
11z15uo,1679528253.0,,Vengeful_Turtle,Streak 22: Mi d√≠a,"22 de marzo de 2023

Pas√© la mayor√≠a del d√≠a hoy haciendo las tareas. Los mi√©rcoles son ajetreados porque siempre tengo mucha tarea para los jueves. Y ya que el semestre termina en dos semanas, tenemos que entregar los ensayos del fin del semestre pronto. 

Mencion√© en alg√∫n post anterior que ya he estado usando la aplicaci√≥n llamada Anki. Pues, decid√≠ volver a editar mis tarjetas (flashcards) para cambiar el lado con ingl√©s a la definici√≥n en espa√±ol. Estaba buscando manera de ayudar con el proceso de pensar en el idioma que est√°s aprendiendo, y era uno de los consejos que encontr√©. No s√© si va a ayudarme, pero me parece un buena idea. He probado las tarjetas en ingl√©s con la traducci√≥n y una foto, pero tal vez una definici√≥n (y una foto en el caso de que me cuesta recordarla) facilitar√° el proceso de aprendizaje. 

Para mi tarea de espa√±ol, tengo que escribir sobre la representaci√≥n de Fuente Ovejuna y la verdad es que me cuesta entender el argumento. Tal vez es porque del acento (ya que mi profe es de America Latina y no estoy acostumbrada al acento) o porque el espa√±ol es del Siglo de Oro. Tal vez no tengo el nivel suficiente de espa√±ol para entenderlo. No me ayuda que solamente tenemos que leer el tercer acto porque no tengo el contexto de lo que est√° pasando en el teatro/argumento. Es curioso porque algunos d√≠as siento que estoy mejorando y otros (d√≠as) me desanimo completamente porque me cuesta entender el idioma el que quiero aprender much√≠simo. Mi meta es ser capaz de manejar bien el espa√±ol y. por lo menos, entender todos los acentos y (los?) dialectos...

Que tengan una buena noche."
11xyisp,1679440579.0,,Vengeful_Turtle,Streak 21: Traduje un p√°rrafo,"Esto todav√≠a no nos dice por qu√© los s√≠mbolos son valiosos o \[disvaluable\]. Sabemos que pueden ser valiosos (o no \[disvaluable\]) por dos maneras/razones distintas, pero no sabemos las razones por las que adquieren este valor (o \[disvalue\]) en el primer lugar. La respuesta de estas preguntas est√° en la importancia de la socialidad humana y el papel de los s√≠mbolos desempa√±an para  mediar y facilitar las vidas sociales de los humanos. Los seres humanos son una especie social. Los momentos importantes en nuestra historia tecnol√≥gica y social t√≠picamente son marcados por los aumentos de la cooperaci√≥n y coordinaci√≥n social. Los s√≠mbolos son importantes por este proceso. Los antrop√≥logos y historiadores hab√≠an comentado sobre esto con frecuencia. Por ejemplo, en su libro m√°s vendido llamado *Sapiens* (2011), Yuval Noah Harari denuncia que la evoluci√≥n social de los humanos ha sido marcada por nuestra habilidad de crear estructuras de ficci√≥n y abstracta que son llevado nuestras realidades f√≠sicas.`1`

Estas estructuras f√≠sicas son reforzadas y comunicadas por las representaciones simb√≥licas. La m√°s obvio y importante de estas son los idiomas que usamos para codificar y comunicar nuestras creencias, leyes, costumbres, y normas. Pero otras representaciones simb√≥licas juegan un papel tambi√©n, desde las banderas nacionales y esculturas a las teor√≠as cient√≠ficas, a las obras arquitectas de la belleza y el asombro. Cada uno de estos (ejemplos) sirven para crear un √°mbito social simb√≥lico`2`  en el que vivimos nuestras vidas. Estos s√≠mbolos imponen los roles (sociales) y creencias sociales. Nos dicen c√≥mo deber√≠amos entender y relacionarnos el uno con el otro.

&#x200B;

\[1\] ...argues that human social evolution has been marked largely by our ability to create fictional, abstract structures that we overly onto our physical reality.

\[2\] A social symbolic environment. Ser√≠a mejor decir ""social √°mbito simb√≥lico""?

&#x200B;

Traduje este p√°rrafo del libro que estoy leyendo como parte del proceso de investigaci√≥n para escribir mi ensayo. Para mayor seguridad, marqu√© este post como 18+ porque del tema del libro aunque es un libro acad√©mico y es bien escrito en una manera madura.

El t√≠tulo del libro es *Robot Sex: The Social and Ethical Implications.* En espa√±ol creo que ser√≠a algo como *los robots sexuales: las implicaciones sociales y √©ticas.*

Autor: John Danaher

Nombre del cap√≠tulo (ya que hay varios autores del libro): *The Symbolic-Consequences Argument in the Sex Robot Debate*"
11wutq9,1679344238.0,,Vengeful_Turtle,Streak 20: Se me olvidan las palabras,"20 de marzo de 2023

Recientemente, me cuesta recordar todas las palabras. Tal vez solamente estoy m√°s cansada con la universidad pero se me olvidan las palabras en espa√±ol. Practico el espa√±ol escrito much√≠simo. He estado escribiendo aqu√≠ cuando pueda, y escribo todos los d√≠as en espa√±ol para mi curso. Por un lado siento que estoy mejorando. Por otra lado, siento que cuanto m√°s aprendo, m√°s errores cometo. Cuanto m√°s aprendo en general, m√°s informaci√≥n se me olvida. ¬øAlguien m√°s pasa lo mismo?

Adem√°s, quiero mejorar la habilidad de hablar. Todav√≠a cometo much√≠simos errores cuando hablo y me cuesta concordar las palabras mientras estoy hablando. Siento que no puedo pensar adelante para que las palabras concuerdan. Ojal√° pudiera practicar con las cosas normales a trav√©s del d√≠a pero no estoy rodeado de nadie que hable espa√±ol. Y las pocas personas que conozco que hablan espa√±ol, no quieren hablar conmigo en espa√±ol porque cometo demasiados errores o no entiendo lo que est√°n diciendo. No quiero ser fastidiosa. 

Espero ser capaz de expresarme bien en espa√±ol alg√∫n d√≠a. Siempre es dif√≠cil aprender otros idiomas si ya no eres ni√±o y no te sumerges en ello. 

Ya tengo la aplicaci√≥n Anki y tal vez solamente tengo que usarla m√°s o cambiar la configuraci√≥n para que me muestre las palabras m√°s frecuentemente"
11vzky2,1679264035.0,,Vengeful_Turtle,Streak 19: Me quejo de mis cursos,"19 de marzo de 2023

Estoy tratando de escribir un ensayo para mi curso de las ciencias pol√≠ticas en el que tengo que resumir otro art√≠culo acad√©mico y luego responder o criticarlo. El problema es que el curso est√° en l√≠nea y por eso, es muy dif√≠cil involucrarme en el material *(engage in the material)*. Aunque los cursos en l√≠nea son m√°s asequibles porque no tengo que pagar la transportaci√≥n ni el parqueado, todav√≠a prefiero las clases presenciales. Es m√°s f√°cil prestar atenci√≥n, hacer preguntas y conocer (mejor) al profe. 

Nuestras clases son videos que el profe hab√≠a creado el a√±o pasado y por eso, los ejemplos que usaba ya no son relevantes a lo que est√° pasando en el mundo. Usa demasiados ejemplos y a veces, es muy dif√≠cil seguir el mensaje del video. 

No tenemos ninguna prueba en el curso, pero tenemos que escribir cuatro ensayos largos. Para las tareas, siempre nos da los art√≠culos en lugar de escogerlos por su cuenta, y lo hace que el curso sea m√°s aburrido. Al menos si podr√≠amos escoger los art√≠culos, podr√≠amos escoger algo que nos interesa, con tal de que tenga que ver con el tema. Ciertamente, podr√≠a darnos l√≠mites o reglas, peroooo no. Tenemos que intentar escribir ensayos sin conocer bien el vocabulario o termolog√≠a. Es dif√≠cil entender los art√≠culos porque no sabemos nada y no tenemos la menor idea sobre las discusiones en el campo. Por eso, es muy dif√≠cil tener su propia opini√≥n o cr√≠tica. 

Estoy canada. Ya he escrito un ensayo para mi curso de espa√±ol, he creado un podcast, he escrito un resumen para mi otro curso y 8 p√°ginas para mis otras tareas. YA QUIERO DESCANSAR. No he dormido bien los √∫ltimos d√≠as y he tomado much√≠simo caf√©. 

Algunos d√≠as no s√© porque soy estudiante pero siempre vale la pena despu√©s de terminar el semestre y siempre quiero matricularme de nuevo. 

Bueno, vuelvo a seguir escribiendo. Que tengan una buena noche."
11uysvt,1679169767.0,,Vengeful_Turtle,Streak 18: Mi d√≠a,"Me sigo ahogando en las tareas. Ya he completado mi episodio del podcast que tuve que hacer para mi clase de espa√±ol. Fue algo nuevo que mi profe propuso este semestre. Al inicio, no sab√≠a de qu√© pensar sobre la idea pero despu√©s de hacerlo, puedo decir que fue una buena idea. Nos da la oportunidad de practicar hablar en una manera tranquila. Me ayuda escuchar mi propia voz y c√≥mo estoy pronunciando las palabras. Noto errors que cometo los que no notar√≠a normalmente, pues, sin volver a escucharlo. 

Ya que es un curso sobre el Siglo de Oro tuve que crear un episodio sobre alg√∫n persona de esa √©poca. Entonces, escog√≠ Mar√≠a de Zayas porque tengo que hacer mi presentaci√≥n sobre ella la semana que viene. La verdad es que el podcast sali√≥ mejor y fue m√°s divertido de lo que esperaba, jaja. 

Bueno, todav√≠a tengo que escribir otro ensayo. 

Que tengan un buen d√≠a."
11ua0iw,1679101274.0,,Vengeful_Turtle,Streak X: Descanso,Descansito.
11taj8f,1679010540.0,,Vengeful_Turtle,Streak X: Descanso,"Tengo demasiadas tareas y tengo que escribir tres ensayos este fin de semana. 

Que tengan una buena noche."
11sclay,1678921787.0,,Vengeful_Turtle,Streak X: Descanso,"He pasado todo el d√≠a haciendo tareas. 

Que tengan una buena noche."
11ridx9,1678844978.0,,Vengeful_Turtle,"Streak 17: tarea, tarea, y m√°s tarea","Esta semana va a ser la m√°s dif√≠cil del semestre entero, simplemente porque tengo demasiadas tareas que tengo que entregar. La cosa es que no tuve la opci√≥n de empezarlas muy temprano porque hay que aprender la material del curso o el profe no la ha publicado ya que es necesario que la completamos dentro de una semana. 

Estoy feliz de que muchos de los profes se est√°n alejando de los castigos por entregar las tareas tarde o por lo menos est√°n creando nuevas reglas. Por ejemplo, uno de mis profes nos da ""a grace period"" en que no hay ning√∫n castigo por entregar algo tarde hasta despu√©s de cinco d√≠as. As√≠ que los estudiantes no se atrasan pero es m√°s f√°cil organizar el tiempo, cursos y tareas. 

Entonces, es posible que vaya a tener unos descansitos esta semana. No s√© si hay reglas con cuantos descansitos podemos tener sin perder el streak. Intent√© buscarlo antes pero no pude encontrar ning√∫n limite. De verdad, creo que es mejor que no hay un limite porque, pues, la vida puede ser muy ajetreada a veces. Creo que me animo m√°s al saber que est√° bien si necesito descansar o saltar un d√≠a cuando necesite. Dicho eso, cada persona es diferente. 

Espero que tenga una buena noche."
11qrekt,1678754263.0,,Vengeful_Turtle,Streak 16: He encontrado una pregunta de investigaci√≥n,"El 13 de marzo de 2023

Mi profe de mi curso que tiene que ver con la IA nos dijo que podemos escoger art√≠culos en otros idiomas aunque el curso es en ingl√©s. Pensaba que ser√≠a (era?) una buena idea de buscar un art√≠culo en espa√±ol porque ser√≠a buena practica. Adem√°s, ten√≠a curiosidad de lo que los otros pa√≠ses pensaban del tema. Entonces, encontr√© un art√≠culo muy interesante en las ""Ediciones Universidad de Salamanca"" y creo que va a ser muy √∫til porque habla de todos los temas del curso. Finalmente, he encontrado una pregunta de investigaci√≥n para mi ensayo final. Ciertamente, voy a terminar por revisar y editarla m√°s tarde, pero bueno, la pregunta es: ¬øc√≥mo afecta el ensamblaje de la inteligencia artificial a la conceptualizaci√≥n de la moralidad / la agencia moral de los seres humanos? (si alguien puede sugerirme una mejor manera de decir eso, pues, estoy escuchando, jajaja)

Creo que va a ser un ensayo interesante y posiblemente un poco dif√≠cil. Por lo menos va a ser un desaf√≠o de que puedo aprender m√°s sobre m√≠ misma, y con suerte, ofrece otra oportunidad de mejorar mi forma de escribir."
11puu3i,1678667251.0,,Vengeful_Turtle,Streak X: Descanso,Que tengan una buena noche.
11oyhey,1678576917.0,,Vengeful_Turtle,Streak 15: Sigo hablando sobre la IA,"Voy a seguir hablando sobre la inteligencia artificial y c√≥mo afecta a nuestras expectativas. 

Ya que me cuesta escoger una pregunta de investigaci√≥n para mi ensayo final, voy a seguir escribiendo sobre mis pensamientos en torno al tema. 

Si incorporamos robots o sistemas operatives que funcionan como parejas, ¬øc√≥mo afectar√≠a a lo que esperar√≠amos de nuestras relaciones reales?  


Si se acostumbra a una pareja que no tiene necesidades ni anhelos, ciertamente afectar√≠a c√≥mo se percibe la manera en que las relaciones funcionan normalmente, ¬øno? Por ejemplo, Si nos acostumbramos a las relaciones en las que no es necesario considerar c√≥mo nuestras acciones y palabras afectan a la otra persona, ¬øes posible que empecemos tratar a las personas cercanas a nosotros as√≠ tambi√©n? Se puede empezar a creer que es normal que la relaci√≥n solamente existe por su comodidad.   


Adem√°s, si ya tenemos una pareja que percibimos como perfecta, ¬øpor qu√© buscar√≠amos a alguien m√°s? Si ya tienes lo que buscas, pues, ser√≠a algo malo? Tal vez no es una mala cosa si una persona ya est√° recibiendo todo lo que busca en una relaci√≥n, pero hay una parte de m√≠ que valora las relaciones entre los humanos. Me entristecer√≠a si las abandon√°ramos.

Otra cosa que me interesa es la cuesti√≥n si la IA est√° reforzando los roles del g√©nero en la sociedad. Otro estudiante en mi clase dijo algo sobre el tema despu√©s de ver la pel√≠cula, y no lo pensaba antes. En la pel√≠cula especialmente, los IA son mujeres. Tienen las voces de mujer y aunque son m√°s avanzadas que los humanos, todav√≠a son pasivas, emocionales, y  sexualizadas (?). Es una cuesti√≥n de si las IA que tienen caracter√≠sticas femeninas est√°n reforzando las ideas preconcebidas sobre las mujeres y el rol que desempe√±an en la sociedad.   


Ufffff. Supon√≠a completar y entregar esta pregunta de investigaci√≥n ayer pero todav√≠a no tengo nada. Los temas son muy complejos y dif√≠ciles de hablar. Y la verdad es que no siento que tengo opiniones fuertes sobre los temas. Repet√≠ muchas cosas de ayer pero comet√≠ muchos errores cuando intent√© escribir sobre este tema. Por eso, quer√≠a practicar un poco m√°s con el vocabulario."
11o305y,1678487509.0,,Vengeful_Turtle,Streak 14: Una pel√≠cula,"Hola a todos.

Espero que est√©n bien. En mi clase de la sociolog√≠a hoy, terminamos de ver la pel√≠cula llamada ""Her"" . Es una buena pel√≠cula. Es interesante.

Se trata de un hombre que se enamora de un sistema operativo. Ocurre en el futuro en que los sistemas son capaces de aprender nuevas cosas y tener los sentimientos. En medio de la pel√≠cula, nos hace la pregunta, ¬øcu√°l es el significado de ser humano? ¬øEs nuestros sentimientos que nos hace humanos? ¬øO algo m√°s?

Para m√≠ es curioso porque pensaba que la mayor√≠a de las personas perseguir√≠an las relaciones con la IA por la conveniencia. Las IA son hechas para servir a los humanos. No tienen sus propias necesidades. Es una manera de buscar los aspectos positivos de las relaciones sin los negativos. Por cierto, sacrificar√≠a unas cosas, pero para algunas personas valdr√≠a la pena. Puede ser temeroso de abrirse a otras personas y estar vulnerable. Pues, me equivoco con estos pensamientos. Los sistemas operativos llegan a tener los sentimientos parecidos a los humanos, hasta el punto que su relaci√≥n desarrolla todos los mismos problemas que entre las de humanos. Fue muy interesante. No quiero decirles c√≥mo termina la pel√≠cula o demasiados detalles, pero el protagonista aprende mucho sobre las relaciones y sobre s√≠ mismo tambi√©n gracias a este sistema operativo. La pel√≠cula muestra c√≥mo nuestro mundo y sociedad podr√≠a ser diferente y muestra una forma de ser en la que convivimos con la IA. Nos hace pensar sobre los papeles que juegan la IA en la sociedad y sobre nuestras relaciones con ella.

Bueno, tal vez explicar√© otros aspectos de la pel√≠cula ma√±ana.

Que tengan una buena noche."
11n8n9y,1678406943.0,,Vengeful_Turtle,Streak 13: El evento de ayer,"Hubo un evento ayer en mi universidad en el que tuve que leer algunos poemas. El evento dur√≥ una hora y estaba TAN nerviosa por leer en frente de tantas personas. Solamente hab√≠a 30 (m√°s o menos)n personas, pero fue la primera vez que he hablado en frente de m√°s de cinco personas, jaja. Cuando era ni√±a, siempre le preguntaba si podr√≠a hacer mi presentaciones en frente de mi maestra y nadie m√°s. Siempre mi dec√≠a que s√≠ y no era problema. Desafortunadamente, nunca aprend√≠ a hablar en p√∫blico. 

Estoy feliz de que mi amiga estuviera conmigo. Es que le√≠a una estofa del poema en espa√±ol, y luego, la le√≠a en ingles. Estaba tan nerviosa que comet√≠ tantos errores, jaja. Practiqu√© much√≠simo pero cuando lleg√≥ el momento de presentar / hablar, me tropec√© con las palabras. Qu√© pena. Y la mayor√≠a de la audiencia sab√≠a espa√±ol. Uff. 

Est√° bien. Ya se acab√≥ el evento. Ya lo termin√©. No tengo que pensar sobre mis errores, jaja.

Despu√©s de cada poema, la banda tocaba una canci√≥n cl√°sicas de espa√±ol origin. No s√© se llaman las canciones, pero eran MUY hermosas. Me encantaban la m√∫sica, y a la audiencia tambi√©n. Pod√≠a ver a las caras de la gente, y a cada persona le encantaba. Casi se fueron a otro mundo, jaja. 

Estoy feliz de que todo sali√≥ bien. 

Que tengan una buena noche,"
11me5x4,1678323765.0,,Vengeful_Turtle,Streak: descanso,Que tengan una buena noche
11lh6mx,1678236461.0,,Vengeful_Turtle,Streak X: Descanso,Que tengan una buena noche.
11kf366,1678139072.0,,Vengeful_Turtle,Streak 12: Otro d√≠a,"Me encontr√© con mi profe hoy para hablar sobre el ensayo final. Es que me cuesta escoger una pregunta de investigaci√≥n, que es la parte (tal vez) m√°s importante del ensayo final. Digo esto porque una buena pregunta de investigaci√≥n es la que me impide que yo hable sobre otros temas o que me vaya por las tangentes. 

Ya que el curso tiene que ver con la inteligencia artificial, hablamos sobre c√≥mo afecta a nuestras relaciones reales y c√≥mo afecta a nuestras expectativas de ellas. La conversaci√≥n fue bastante confusa, y he estado leyendo sobre esas cosas durante las √∫ltimas tres horas. Me duele la cabeza, y durante mi descanso de leer, decid√≠ escribir aqu√≠. Todav√≠a no tengo una pregunta espec√≠fica pero voy a tomar los pr√≥ximos d√≠as para pensar sobre ella. 

Cambiando de tema, tengo que leer unas lecturas en espa√±ol en un evento ma√±ana. Estoy muy nerviosa porque la verdad es que no me gusta hablar en p√∫blico. A menos que mi amiga va a hacerlo conmigo y lo hace m√°s f√°cil de hacer. Las cosas no son f√°ciles de leer, jaja. Especialmente porque fueron escritas hace much√≠simos a√±os y se usan el espa√±ol m√°s viejo y formal. Uffff. Espero que los nativos sean simp√°ticos sobre mis errores, jaja."
11jgrj5,1678057135.0,,Vengeful_Turtle,Streak 12: Mi presentaci√≥n,"Tengo que hacer una presentaci√≥n para mi curso de espa√±ol. El profe siempre no da alg√∫n tema, y luego, tenemos que investigarlo y crear una exposici√≥n. Pues, mi tema/persona este semestre es Mar√≠a de Zayas y Sotomayor ya que el curso tiene que ver con el siglo de oro. ¬°¬°Desafortunadamente, no hay mucha informaci√≥n disponible sobre ella!! No puedo encontrar mucho. Al menos que mi profe quiere que yo lea todas sus novelas y m√°gicamente entenderlas y todas las implicaciones sociopol√≠ticas...

Eso ser√≠a imposible, ¬øno?

No s√© qu√© voy a hacer."
11ik26a,1677980919.0,,Vengeful_Turtle,Streak 11: Mi d√≠a,"Siempre trabajo los s√°bados en alg√∫n restaurante en mi ciudad. 

Hoy fue un d√≠a movido y interesante. Cinco minutos despu√©s de empezar mi jornada, estaba haciendo un late (caf√© con leche) y una de mis compa√±eras me pregunt√≥ c√≥mo estaba yo. Pues, la mir√≥ y dentro de esos cortitos segundos, la tasa se cay√≥, jaja. Pues, el caf√© caliente se derram√≥ sobre todo ‚Äî  mi camisa, los pantalones, el delantal. Tuve que trabajar todo el d√≠a mojada con el caf√©, jaja, al menos hasta que la ropa se sec√≥. Pero despu√©s de secarse, ol√≠a a caf√© todo el d√≠a, jaja. 

Entonces, el lavaplatos dej√≥ de funcionar y tuvimos que lavar los platos a mano la mayor√≠a del d√≠a. Tom√≥ unas horas hasta que el hombre lleg√≥ para arreglarlo, jaja. Definitivamente fue un d√≠a interesante. 

Estoy feliz de no necesitar trabajar all√≠ todos los d√≠as, aunque me gusta la gente con quien trabajo. Lo hace m√°s agradable. 

Que tengan una buena noche."
11hln06,1677893595.0,,Vengeful_Turtle,Streak 10: unas lecturas,"Me encontr√© con mi amiga hoy y nuestra profe. Nuestra profe quiere que leamos en un evento la semana que viene. La verdad es que no me gusta hablar en frente de muchas personas, pero al mismo tiempo, es algo que es una buena cosa para m√≠. Es algo en que puedo mejorar. Dicho esto, todav√≠a estoy nerviosa, jaja. Especialmente porque voy a leer poemas en espa√±ol en frente a unos nativos. Ayyyyy. 

Est√° bien. No va a ser perfecto y no necesita ser perfecto. Es buena practica y con esperanza, la gente entender√° que estoy intentando aprender su idioma. Los poemas son del siglo de oro y no son muy f√°ciles de leer. 

Espero que todo vaya bien. Al menos tengo tiempo para practicar, jaja. 

Que tengan una buena noche."
11gmhk0,1677804790.0,,Vengeful_Turtle,Streak x: Descanso,Que tengan una buena noche.
11fow8g,1677720886.0,,Vengeful_Turtle,Streak 9: Los sistemas electorales,"Estoy intentando entender las tres sistemas electoral para mi curso de las ciencias pol√≠ticas. Es un poco confuso, y por eso, voy a traducir una p√°rrafo de alg√∫n sitio (escribir√© el enlace al final/abajo). 

**Los tres tipos del sistemas electorales**

Bueno, el primer sistema electoral es de la pluralidad. Es un sistema conocido como ""el-primer-que-pasa-el-poste"" (*first-pass-the-post*) o ""el-ganador-toma-todo"" (*winner takes it all).*  Un sistema electoral de pluralidad es el sistema m√°s popular en los Estados Unidos y gana el asiento si el candidate consigue la mayor√≠a de los votos. Esto no significa que el candidate necesita ganar la mayor√≠a de los votos. O sea, no es necesario que gana m√°s de 50% de los votos. Solamente significa que el candidate tiene que ganar m√°s votos que los otros candidates. El ganador es el candidate con lo m√°s votos a√∫n si ese n√∫mero es menos de 50%.

En un sistema electoral mayoritario, es necesario que el candidate gana m√°s de 50% de los votos para ganar. Si no hay un candidate que gana m√°s que 50% de los votos, entonces ser√° otra ronda pero con menos candidates. 

El un sistema representaci√≥n proporcional es el m√°s usado en el mundo. Toma el porcentaje de los votos recibidos por ese partido pol√≠tica y lo transforma al n√∫mero de asientos que tendr√° el partido (pol√≠tico). Por ejemplo, si un partido gana 40% de los votos, entonces recibir√° 40% de los asientos en parlamento.  Hay tres tipos de este sistema electoral.

(1) Una lista de partido: los partidos pol√≠ticas crean una lista de los candidates y los asientos son ganados en proporci√≥n al porcentaje de los votos recibidos.

(2) (*Single Transferable Vote)* El voto transferible(?): los votantes clasifica a los candidates dependiendo de la preferencia.

(3) Los miembros mezclados representaci√≥n proporcional (*Mixed Member Proportional Representation*): los votantes hacen dos selecciones. Uno por el candidate y uno por el partido. 

&#x200B;

Uff. No hablo de este tema con frecuencia. Perd√≥n por los errores. Hay algunas cosas que no tengo ni idea c√≥mo traducir, entonces, escrib√≠ en ingl√©s tambi√©n, jaja. Pues, supongo que esta es una forma de estudiar los nuevos t√©rminos, jaja. 

Que tengan una buena noche.   


El enlace al sitio de web: [https://www.honestballot.com/the-3-main-types-of-electoral-systems/](https://www.honestballot.com/the-3-main-types-of-electoral-systems/)"
11eranp,1677636743.0,,Vengeful_Turtle,Streak X: Descansito,"Tuve que escribir un ensayo corto esta noche sobre la comparaci√≥n entre el libro (pues, una versi√≥n) de don Quijote y una adaptaci√≥n que vimos en clase. Por eso, no voy a escribir hoy porque acabo de escribir varias p√°ginas en espa√±ol.

Que tengan una buena noche."
11drd26,1677543067.0,,Vengeful_Turtle,Streak 8: Las correcciones,"Aunque ingl√©s es mi idioma materno, siempre ten√≠a miedo de corregir cosas escritas por otras personas que estaban aprendiendo mi idioma. Solamente porque ten√≠a miedo de corregir algo incorrectamente. Como ya saben, hay fallas de gram√°tica que hasta los nativos hacen. Siempre las llamo los errores comunes, jaja. Pues, nunca ten√≠a la confianza de hacerlo. Por otro lado, hay cosas que son normales de decir que son gramaticalmente incorrectos tambi√©n, especialmente con respecto a los dialectos. Por ejemplo, hay un acento y dialecto muy fuerte en la provincia en la que vivo. Ya que empec√© a hablar con la gente que quer√≠an aprender ingl√©s, aprend√≠ a hablar m√°s despacio y neutral para que pudiera entenderme m√°s f√°cilmente. 

Por ejemplo, aqu√≠ la gente le gusta conjugar los verbos incorrectos. Es com√∫n conjugar los verbos en la tercera persona aunque est√°s hablando en la primera persona. Entonces, dir√≠amos: ""I wants one of those"" (En espa√±ol, ""Yo quiere uno de esos""). Yo s√© que no tiene sentido jaja Otro ejemplo en ingles ser√≠a: ""I loves that"" (No s√© c√≥mo traducir este ejemplo porque ese verbo funciona diferente en espa√±ol). Es muy curioso, ¬øno?

Pues, las √∫ltimas semanas he estado intentando corregir unas de las publicaciones en ingl√©s. A pesar de que no soy perfecta ni una editora profesional, todav√≠a puedo corregir muchos de los errores y ofrecer unos consejos para que las personas puedan mejorar. No es necesario ser perfecto para ayudar a otras personas con su aprendizaje, porque al final del d√≠a, hablo ingl√©s con fluidez. Puedo ofrecer otras maneras de expresarse, porque eso es algo que me ha ayudado much√≠simo. Cuando no puedo encontrar las palabras en una conversaci√≥n, no me olvido de la palabra despu√©s de que alguien me la diga. 

Hay muchas personas que quieren aprender ingl√©s y no me gusta pensar que hay publicaciones sin correcciones, simplemente porque soy (o alguien m√°s es) perfeccionista o falta la confianza. Especialmente porque cuanto m√°s lo hago, m√°s f√°cil es. 

Dicho esto, no es f√°cil corregir tantas publicaciones cada d√≠a y quer√≠a agradecerles por todas las correcciones y por todo lo que hacen."
11czqzy,1677463340.0,,Vengeful_Turtle,Streak 7: Tuve un mal d√≠a,"El 26 de febrero de 2023

La verdad es que he estado estresada esta semana. Me cuesta completar mis tareas. Me cuesta encontrar la motivaci√≥n y la confianza para seguir adelante. No me siento capaz de ser estudiante algunos d√≠as, y hoy es uno de esos d√≠as. No siento tan inteligente como los dem√°s. No quiero sentir que estoy desperdiciando el tiempo. 

Tengo que escoger un art√≠culo para discutir con mis compa√±eros de clase. Pensaba que lo encontr√© hace dos d√≠as, pero despu√©s de leerlo, me cuesta entender las ideas principales. Y si no lo entiendo, entonces no puedo presentar las ideas principales del art√≠culo. Entonces, pas√© los √∫ltimos tres horas buscando otro art√≠culo pero no encontr√© nada. 

Y ahora, no tengo nada para mostrar para las horas desperdiciadas. 

Adem√°s, tengo que entregar una propuesta de investigaci√≥n esta semana para el mismo curso. No les sorprender√≠a que tampoco la he completado. No tengo la menor idea qu√© va a ser el tema de mi ensayo final. 

Escribir√© algo positivo ma√±ana. Si no puedo pensar de alg√∫n tema positivo, entonces traducir√© algo. 

Que tengan una buena noche. Perd√≥n por quejarme."
11c08k5,1677370605.0,,Vengeful_Turtle,Streak X: Descanso,"Trabajo los s√°bados y estoy cansada. 

Que tengan una buena noche. (:"
11b8ig8,1677289230.0,,Vengeful_Turtle,Streak 6: Traduje un p√°rrafo de alg√∫n art√≠culo,"¬øQu√© son valores?

Es muy dif√≠cil definir qu√© es ""un valor"" porque es una noci√≥n usada a menudo no solo en el lenguaje diario sino en varias disciplinas como filosof√≠a, econom√≠a, sociolog√≠a, sicolog√≠a, y antropolog√≠a \[1\]. Sin embargo, ""el valor"" t√≠picamente est√° asociado con lo que es ""bueno"" o ""deseable"". Ante que ser descriptivo, los valores son normativos y expresan lo que es considerado ""bueno"". A√∫n m√°s preciso, los valores pueden ser situados en la parte evaluativa de la normatividad, la que se distingue de la parte de√≥ntica. Se usan los valores y las nociones evaluativas para evaluar la bondad o la maldad de algo, mientras que las nociones de√≥nticos, como por ejemplo, los deberes (las obligaciones?), normas, y razones, son usadas para determinar lo correcto y lo incorrecto. \[2\]

A veces entendemos el valor como el resultado de \[valorar / la valoraci√≥n\]. Como consecuencia, los valores pueden ser entendidos como las cosas en las que la gente valora. El problema con este entendimiento es que no considera la posibilidad que la gente puede valora las cosas valiosas/importantes. O sea, la gente hasta valora las cosas que ya saben las que no deber√≠a. Por otro lado, es posible que no se valoran las cosas que son valiosas.

&#x200B;

\[1\] ¬øNecesito agregar los art√≠culos definitivos? (Por ejemplo, la filosof√≠a, la econom√≠a....). Es normal omitirlos en listas?

\[2\] Voy a escribirlo en ingl√©s en caso de que est√©n confundidos: what is good and bad vs right and wrong

No sab√≠a de que tema deber√≠a escribir hoy, entonces, traduje un p√°rrafo de un art√≠culo que estoy leyendo para mi tarea. Entonces, **estas ideas no son m√≠as.**

El nombre del art√≠culo es ""Embedding Values in Artificial Intelligence (AI) Systems"" y fue escrito por Ibo van de Poel."
11acrcn,1677196387.0,,Vengeful_Turtle,Streak X: Descansito,Descanso.
119czfs,1677099785.0,,Vengeful_Turtle,Streak 5: Sigo con los ensayos.,"Ayer escrib√≠ que tuve bloqueo de escritor y ni siquiera pude empezar el ensayo. Pues, estoy feliz de decir que ya lo he terminado. No fue un ensayo muy largo, pero escrib√≠ cuatro p√°ginas hoy. Todav√≠a tengo que editarlo pero lo har√© m√°s tarde cuando no est√© cansada. 

La organizaci√≥n no es la mejor y no expliqu√© todos los argumentos al nivel necesario, pero todas las ideas son escritas. No s√© si soy la √∫nica persona, pero para m√≠, la parte dif√≠cil es empezar.

Hubo una disrupci√≥n este semestre, y por eso, la universidad nos est√° ofreciendo la opci√≥n de omitir la nota final de los cursos. Si lo encogi√©ramos esa opci√≥n, en lugar de una nota final solamente dir√≠a ""PAS"" (pasar) o ""FAI"" (fracasar). La verdad es que estoy consider√°ndolo. No estoy segura si tengo que tomar una decisi√≥n ahora o si puedo escoger la opci√≥n dependiendo de mi nota al final del semestre. 

Mi curso de espa√±ol tiene m√°s tarea que mis otros tres cursos combinados y no estoy segura c√≥mo voy a completar todo lo que necesito. 

Des√©ame suerte."
118j1z9,1677023413.0,,Vengeful_Turtle,Streak 4: Otro ensayo,"Tengo bloqueo de escritor. Necesito escribir otro ensayo en que comparo Sor Juana In√©s de la Cruz y una de las obras que hemos le√≠do. El semestre pasado, las palabras me ven√≠an f√°cilmente, pero cada vez que vuelvo a escribir no puedo encontrarlas, especialmente las palabras suficientes para llenar seis p√°ginas.

Bueno, escribir√© m√°s ma√±ana. . 

Que tengan una buena noche."
117qxsj,1676943527.0,,Vengeful_Turtle,Streak 3: Mi d√≠a,"Tuve un buen d√≠a hoy.

Me despert√© a las ocho de la ma√±ana y, como empiezo todos los d√≠as, hice una taza de caf√©. Me duch√© y alistarme para el d√≠a. Tuve una cita con el dermatolog√≠a y me dijo que tienen que quitar dos lunares (moles?) pero es nada urgente. 

Entonces, despu√©s de regresar a casa, mi novio me pregunt√≥ si me gustar√≠a ir a patinar. Me regal√≥ los patines el a√±o pasado para la navidad y aunque no patino bien, me gusta mucho. Siempre patinaba de ni√±a y me hace sentir feliz, de verdad. Fuimos al parque en el que hay una pista de hielo y pasamos unas horas all√≠. Ya que no patino mucho, me dol√≠an much√≠simo los tobillos, jaja.   


Despu√©s de regresar a casa de nuevo, hice las √∫ltimas correcciones a mi ensayo para mi curso de las ciencias pol√≠ticas y lo entregu√©. ¬°Por fin nunca tengo que verlo! 

Que tengan una buena noche. (:"
116sto9,1676852932.0,,Vengeful_Turtle,Streak 2,"Ayer mencion√© el ensayo que tengo que escribir para mi examen parcial. Casi termino pero cuando vuelva a leer lo que he escrito, siempre encuentro errores o frases que podr√≠a decir mejor. Llevo una semana escribiendo este ensayo y ya no quiero verlo. Todav√≠a tengo que corregir unos errores pero solo quiero entregarlo. 

Me gustar√≠a m√°s la universidad si tuviera m√°s tiempo para hacer las tareas. Me parece que hay demasiadas tareas para la cantidad de tiempo que nos dan los profes. No es necesariamente la culpa de los profes, pero preferir√≠a hacer menos tareas de mejor calidad. Adem√°s, en vez de escribir dos o tres ensayos distintos, preferir√≠a volver a escribir el mismo ensayo despu√©s de que el profe lo corrija.

Aprender√≠a m√°s de esa forma. Tenemos tantas tareas que no tenemos el tiempo para participar profundamente en ellas. Solamente aprendimos la superficialidad de los temas. Supongo que los estudiantes aprenden otras habilidades, por ejemplo, c√≥mo organizar el tiempo y tareas, etc.  No estoy diciendo que sean in√∫tiles, pero preferir√≠a aprender en m√°s profundo sobre menos temas. 

Que tengan una buena noche."
115uvju,1676761584.0,,Vengeful_Turtle,Streak 1: Los ensayos,"Hola a todos. Espero que est√©n bien. 

No tengo clases la semana que viene porque hay un descanso de medio semestre. En realidad, no hay tiempo para descansar porque los examanes siguen y la mayoria de mis examanes son en forma de ""take home essays."" O sea, los profes nos hacen una pregunta, y tenemos entre unos d√≠as y una semana para responder en forma de ensayo.    


Acabo de escribir uno sobre las manifestaciones violentas. Ten√≠a que responder a la pregunta, ¬øhay circumstancias en las que las manifestaciones violentes son aceptable? ¬øSi no, por qu√©? ¬øEn caso afirmativo, en cuales citcumstancias? Al inicio, parece una pregunta sencilla, ¬øno? Pero cuanto m√°s pensaba sobre mi respuesta, m√°s confundida estaba. El profe nos dijo que no necesitabamos invesitgar el tema y por eso, la cosa m√°s importante del ensayo es la l√≥gica usada. La parte m√°s dif√≠ci para m√≠ es la conclusi√≥n. Cada vez que escribo una conclusi√≥n, la muevo a la introducci√≥n y luego no tengo ni idea c√≥mo concluir.

&#x200B;

Bueno, vuelvo a escribir y intentar concluir este ensayo. Que tengan una buena noche."
10pidwf,1675123241.0,,Vengeful_Turtle,Streak X: Descanso,Que tengan una buena noche.
10ons6v,1675039071.0,,Vengeful_Turtle,Streak 8: Mi d√≠a,"Hola a todos. 

La verdad es que tuve un d√≠a terrible pero voy a tratar de escribir algo positivo para ustedes jaja.   


Me despert√© a las seis para empezar el d√≠a, y siempre empiezo todos los d√≠as con una taza de caf√©. Es algo que disfruto much√≠simo de las ma√±anas. Me encanta estar sentada sola en la tranquilidad de las ma√±anas con una taza de cafe y leer las noticias. Me pregunto si eso significa que ya soy una vieja, jaja. Puede ser. 

Yo s√© que hay muchas persona que no les gusta leer las noticias y era una de esas personas por la mayor√≠a de mi vida pero dentro de los √∫ltimos a√±os, cambi√©. Es como una forma de chisme. Le digo a mi novio: Oye, ¬øhas o√≠do de hablar de lo que pas√≥ en (nombre del pa√≠s)? ¬øNo? ¬øEn serio? Es divertido para mi jaja. Ya que est√° estudiando las ciencias pol√≠ticas le gusta el tema de la pol√≠tica.

Bueno, no creo que escrib√≠ algo positivo pero al menos no era algo muy negativo.

Espero que tengan una buena noche."
10nw9il,1674958385.0,,Vengeful_Turtle,Streak 7,"Hola a todos.

Tuve un buen d√≠a hoy, aunque pas√© la mayor√≠a del d√≠a haciendo la tarea. Hemos leyendo sobre Sor Juana In√©s de la Cruz y tuve que responder a unas preguntas. Me interesa su historia y no es dif√≠cil de leer.

La verdad es que recientemente me he desanimado con el espa√±ol. El nivel en que estoy lo hace dif√≠cil de practicar. Puedo escribir muchas cosas. Puedo decir unas cosas. Pero la verdad es que no puedo entender mucho. No tengo un nivel en el que puedo conversar de cualquier cosa y tener conversaciones interesantes.

El otro d√≠a estaba hablando con los otros estudiantes en mi clase, y vimos al estudiante que imparte nuestras clases de conversaciones. Pues, me dijo algo en espa√±ol y no lo entend√≠. La chica lo mir√≥ y fue la primera vez que me not√© la falta de paciencia, o tal vez que era algo fastidioso para √©l. Ya s√© que solamente es humano y por cierto puede ser algo fastidioso pero me hizo sentir mal. Y por eso, usualmente vuelvo a hablar en ingl√©s en vez de practicar pero eso solamente empeora el problema. Perd√≥n por las palabras negativas.

Que tengan una buena noche."
10n37mw,1674871596.0,,Vengeful_Turtle,Streak X: descanso,Que tengan una buena noche
10m891s,1674782222.0,,Vengeful_Turtle,Streak 5: descanso,üôÉ
10lbsq8,1674685852.0,,Vengeful_Turtle,Streak 4: Una lectura pol√≠tica,"Hola a todos. 

Hoy estoy leyendo sobre los reg√≠menes autoritarias y c√≥mo los dictadores mantenerse en y ejecutar poder. La lectura es m√°s interesante de lo que esperaba jaja. Despu√©s de explicar las estrategias y formas de manipulaci√≥n que usan los dictadores dentro de las instituciones, el autor habla sobre los reg√≠menes autoritarias que act√∫an como si fuera una democracia. Por ejemplo, todav√≠a tienen elecciones, pero debido a la manipulaci√≥n desde el interior, los resultados no tienen ning√∫n efecto a la situaci√≥n pol√≠tica. Y luego, el autor dice que todav√≠a deber√≠amos continuar votando aunque a veces parece in√∫til, especialmente abajo alg√∫n r√©gimen autoritaria, porque siempre hay posibilidad de que funcione. 

&#x200B;

Entonces, tengo que escribir un resumen en ingl√©s para mi proyecto, dar un an√°lisis del texto, y luego responder a ello. O sea, explicar mis opiniones y cr√≠tica. 

&#x200B;

Que tengan una buena noche."
10kn7qk,1674612452.0,,Vengeful_Turtle,Streak 3: descanso,üò¥
10ju6wt,1674525499.0,,Vengeful_Turtle,Streak 3: Descanso,"Tengo que hacer mi tarea y no pienso que vaya a tener tiempo para escribir hoy. 

Que tengan una buena noche."
10ivjr4,1674424802.0,,Vengeful_Turtle,Streak 2....,"Hola a todos. 

No quiero escribir hoy, pero voy a hacerlo. La verdad es que tuve un d√≠a estresante. Hubo una tormenta de nieve y as√≠ que no tuve que trabajar. Mi familia vino para visitarnos hoy, y mi hermana nos dijo que est√° teniendo problemas en su matrimonio. Ha estado hablando con nosotros sobre todos sus problemas todo el d√≠a, y por eso, no he hecho mucha tarea, aunque tengo que hacer una presentaci√≥n ma√±ana. Y yo s√© que ella es mi hermana y deber√≠a estar feliz poder capaz de ayudarla.... 

Pero ya estoy cansada... 

Entonces, mi hermana y mi sobrino est√°n qued√°ndose aqu√≠ por la noche, tal vez una semana.... Tal vez por m√°s tiempo. No lo s√©. Mi sobrina est√° conectado a la bocina arriba y no la m√∫sica de un ni√±o que tiene 12 a√±os.... no es mi m√∫sica favorita.... Ay Dios m√≠o....

Des√©enme suerte porque voy a necesitarla."
10i000k,1674330984.0,,Vengeful_Turtle,Streak 1: .... Volv√≠ a n√∫mero 1.,"Hola a todos.... o a la √∫nica persona que va a leer esta publicaci√≥n jaja. 

Desafortunadamente, me olvid√© de escribir ayer y como consecuencia, ya volv√≠ al primer d√≠a del Streak. Ya les dije, al ser constante (con mis acciones?) es algo muy dif√≠cil para m√≠. 

Tengo que trabajar ma√±ana y por eso, he estado intentando de completar mis tareas para el lunes y el martes porque siempre estoy demasiado cansada hacerlas despu√©s de trabajar. Acabo de leer el primer cap√≠tulo de *El libro de la vida* de Santa Teresa de Jes√∫s y respond√≠ a algunas preguntas.

Ahora tengo que leer alg√∫n art√≠culo sobre la IA y hacer una presentaci√≥n a unos compa√±eros de clase el lunes. Entonces, tengo que escribir y responder a su retroalimentaci√≥n  y luego entregarlo.

Hay personas que disfrutan del proceso de la universidad y el aprendizaje porque la verdad es que me da mucho estr√©s jaj. 

Que tengan un buen d√≠a."
10glsm1,1674184361.0,,Vengeful_Turtle,Streak 11: descanso,Espero que est√©n bien.
10foypn,1674092541.0,,Vengeful_Turtle,Streak 10: Mi d√≠a,"Hola a todos. 

Tuve mi clase de la IA hoy. La verdad es que me interesa mucho esa clase, y respeto much√≠simo al profe. Anima muchas conversaciones sobre las lecturas, y hay muchas personas que tienen opiniones interesantes. Sin embargo, hay varias personas en la clase que falta...las habilidades sociales. uuuuffff.

A veces, me siento un poco inc√≥moda. Es curioso ya que estas personas est√°n estudiando la sociedad y las relaciones entre personas...pero al mismo tiempo les faltan las habilidades sociales. Siempre hay personas que viene y se van mientras el profe est√° hablando, o habla cuando no les toca sin importar si alguien m√°s ya est√© hablando. Hacia el final de la clase, los estudiantes hablan sin importar si el profe todav√≠a est√© hablando.. Ay, qu√© pena.  


Entonces, durante una conversaci√≥n sobre la lectura hoy, una mujer levant√≥ la mano y le pregunt√≥, ""es esta clase de forma seminario??"" (Una clase basada en la discusi√≥n entre los estudiantes). Es decir que no le gustaba que los otros estudiantes estuvieran hablando. La pregunta y el tono era muy grosero, pero la respuesta de mi profe era perfecta. No le dio la mal actitud al estudiante pero le dijo que a √©l le gusta ejecutar/realizar las clases as√≠ aunque no es un seminario oficialmente. La mujer no le respondi√≥. No le dijo nada al profe. Uuufff.  


Creo que es un profe maravilloso y me gusta c√≥mo ense√±a sus clases, de verdad. Estoy aprendiendo mucho y es una persona muy inteligente a la que respeto much√≠simo. Espero que siga ense√±ando los cursos. 

Que tengan una buena noche."
10ex0wy,1674013442.0,,Vengeful_Turtle,Streak 9: descanso,Que tengan una buena noche.
10doju9,1673896442.0,,Vengeful_Turtle,Streak 8: La inteligencia,"Hola a todos. 

Tengo que responder a dos preguntas para mi tarea. Una de las preguntas es, ¬øc√≥mo entiendes la inteligencia? En mi opini√≥n, no pienso que la inteligencia se refiere a la habilidad de memorizar nueva informaci√≥n, sino entender y usarla para resolver problemas e interactuar con tu entorno. La capacidad de generalizar cosas aprendidas a otras situaciones y problemas‚Ä¶ De adaptarse cuando sea necesario‚Ä¶ Y especialmente aplica a las situaciones con pocos recursos. 

La segunda pregunta es, ¬øc√≥mo entiendes la conciencia? No s√© si tiene el mismo significado en espa√±ol, jaja pero espero que puedan entenderme. Pienso que el profe quiere que pensemos si la palabra significa algo m√°s que la capacidad de saber lo que est√° pasando alrededor de ti. Algo m√°s de simplemente responder al entorno porque si fuera el caso, entonces la inteligencia artificial ser√≠a considerado ser consciente‚Ä¶ Y no estoy de acuerdo. No pienso que es algo consciente aunque es capaz de responder y aprender de sus interacciones y entorno.  Creo que hay que estar vivo para ser consciente, y por eso, no creo que la IA tenga la consciencia.   


Es un tema interesante y estoy disfrutando de este curso y las discusiones.  
Espero que tengan un buen d√≠a.   
Hasta la pr√≥xima."
10d1uq0,1673834133.0,,Vengeful_Turtle,Streak 7: descanso,"Tuve que trabajar y estudiar hoy. Escribir√© ma√±ana. 
Que tengan una buena noche."
10c743p,1673747021.0,,Vengeful_Turtle,Streak 6: Mi d√≠a,"Hola a todos.

He pasado la mayor√≠a de este d√≠a respondiendo a muchas preguntas sobre el libro Lazarillo de Tormes para mi curso sobre el Siglo de Oro. No es f√°cil de leer y me tomaba demasiado tiempo leer, entender, y luego responder a las preguntas. Esta tarea deber√≠a tomar unas horas en lugar de DIAS. Me cuesta aprender la mejor manera de organizar el tiempo y acelerarse el proceso.   


Mi familia nos visit√≥ esta ma√±ana. Siempre nos visita los fines de semana. Estoy feliz que vienen, especialmente porque imagino que casi nunca la ver√≠a si no lo hiciera. Las visitas siempre est√°n muy tranquila. A mi mama le gusta cocina, los ni√±os juegan, todos toman el cafe hablar. A veces es una buena idea tomar una hora para relajarse. 

Espero que est√©n bien."
10b769v,1673647910.0,,Vengeful_Turtle,Streak 5,"Hola a todos.

Fui a una reuni√≥n hoy que fue imparti√≥ por la universidad para hablar sobre algunos cambios a los cursos. O sea, despu√©s de jubilarse los profes, los nuevos necesitan continuar impartiendo los cursos...Si pueden. Con tiempo, dejan de ense√±arlos para cursos nuevos que tienen que ver con la material en la que se especializaron.

Por eso, la reuni√≥n ten√≠a el objetivo de abarcar algunos de las preocupaciones de los estudiantes gracias a estos cambios. Me parece que los cambios ser√°n buenos porque los cursos siempre salen mejor cuando el/la profe tiene el inter√©s en el tema.

Me gusta que nos ofreci√≥ una oportunidad de discutir los cambios y ser o√≠dos/escuchados. 

Algo sobre que uno de los estudiantes hablaba era lo de los cursos en linea. Es algo curioso porque hay estudiantes que les gustan porque abren algunas puertas, especialmente para los que tienen que trabajar y estudiar al mismo tiempo. Sin embargo, que muchos estudiantes que no les gustan. Piensan que es m√°s dif√≠cil participar en las clases o involucrarse en el material. 

Fue super bien y era interesante. Aprend√≠ mucho s√≥lo por mirar los profesionales. Espero ser bien expresada alg√∫n d√≠a, jaja."
10al3ms,1673584073.0,,Vengeful_Turtle,Streak 4: descanso,"Escribir√© ma√±ana. 
Espero que est√©n bien. (:"
109psey,1673496393.0,,Vengeful_Turtle,Streak 3: descanso,"Hoy es el cumplea√±os de mi mam√°, y por eso voy a pasar el d√≠a con ella. 

Que tengan una buena noche."
108ukzp,1673408811.0,,Vengeful_Turtle,Streak 2,"Hola a todos. 

No hice nada muy interesante hoy. Las clases fueron canceladas hoy debido a una tormenta de nieve. 

Estoy tomando un curso este semestre sobre la comunicaci√≥n verbal y no verbal. Despu√©s de entrar la clase el primer d√≠a, el profe nos dijo que ha cambiado la material y que el curso va a enfocar en la IA. Aunque el tema no me parec√≠a interesante al inicio, me gusta la idea a√∫n m√°s cada vez que pienso sobre ello. Es algo que es relativo en nuestra vidas si nos gusta o no, por lo menos en este lado. 

Es algo de que la mayor√≠a de la gente, al menos en mi experiencia, no sabe c√≥mo pensar. Es normal pensar que son capaz de m√°s de lo que pueden hacer en realidad. Es f√°cil creer en un futuro que es dominada por la IA. 

Supongo que hablar√© m√°s del tema despu√©s de aprender m√°s. 

Hasta la pr√≥xima."
107rmqc,1673301935.0,,Vengeful_Turtle,Streak 1,"¬°Hola a todos!

Voy a intentar escribir estas publicaciones otra vez. La verdad es que me cuesta quedarme comprometida a hacer cosas as√≠. No suelo ser una persona muy constante. Pero bueno, aqu√≠ estoy para intentar de nuevo.

Las clases para el semestre del invierno ya empezaron. Me gustar√≠a decirles que s√≠, estoy muy emocionada... Pero tengo la mitad de la emoci√≥n de mi novio. Me gustar√≠a ser como √©l, pero en realidad, no soy. No soy una buena estudiante. Me cuesta completar toda la tarea necesaria. Me cuesta organizar mi tiempo y sacar las buenas notas con los cinco cursos a la vez. Estoy feliz por √©l y su √©xito, pero al mismo tiempo, estoy un poco celosa que es algo muy f√°cil de hacer para √©l. Pues, estoy feliz de que tenga el tiempo para ayudarme cuando lo necesito, jaja.

Espero que tengan un buen d√≠a."
yy5vuh,1668730155.0,,Vengeful_Turtle,Streak 10: Mi d√≠a,"Particip√© en la discusi√≥n en mi clase de espa√±ol por la primera vez hoy. Nunca era capaz de entender lo que dice cada estudiante ni responder con algo nuevo (por la discusi√≥n). Otra estudiante hizo una presentaci√≥n hoy sobre la guerra civil dentro de uno de los pa√≠ses en Am√©rica Latina.  No dej√© de hablar a√∫n cuando intent√© decir algo, pero mi profe solamente me dio una mirada confusa. Entonces, en vez de decir nada, como hac√≠a normalmente, expliqu√© lo que quer√≠a decir de nuevo pero con m√°s informaci√≥n. Estaba aliviada cuando me di cuente de que me entendi√≥, y la discusi√≥n continuaba. 

Entonces, cuando vi a mi profe en el pasillo m√°s tarde, me dijo que estaba orgullosa por m√≠ y el progreso que he logrado. Especialmente porque el a√±o pasado, no pude formar oraciones o entender lo que pasaba en las clases.

Aunque sigo cometiendo errores, estoy mejorando - y esa es la √∫nica cosa importante, jeje. Espero seguir en este camino. 

¬°Qu√© tengan una buena noche!"
yxe5v2,1668652765.0,,Vengeful_Turtle,Streak 10: Descanso,"Tuve mi examen de espa√±ol hoy y la verdad es que no me sent√≠ preparada. Sin embargo, pienso que me sali√≥ bien o por lo menos fue m√°s f√°cil de lo que esperaba. Estoy muy aliviada."
ywi8bq,1668568795.0,,Vengeful_Turtle,Streak 9: descanso,"Voy a descansar hoy ya que tengo un examen de espa√±ol ma√±ana. 

Qu√© tengan una buena noche."
yvk5bo,1668478981.0,,Vengeful_Turtle,Streak 8: Mi mala experiencia en la clase,"Estoy tomando un curso de espa√±ol este semestre, y es necesario participar en las clases de conversaci√≥n. Son clases ense√±adas por otros estudiantes que han alcanzado un nivel alto o son nativos del idioma, en este caso, el espa√±ol. 

Asist√≠ a la √∫ltima clase para lograr la cantidad necesaria por este semestre, y fue horrible jaja. No me entiendan mal, no fue la culpa del estudiante que nos ense√±√≥ la clase. Fue la culpa m√≠a.   
Tuvimos que hacer una actividad muy sencilla, en la que tuvimos que crear una histor√≠a y usar todas las palabras proporcionadas dentro de una lista. Supon√≠a ser una actividad muy sencilla y f√°cil - y deber√≠a haber ser as√≠.... pero para m√≠, pues... era otra cosa. 

Para m√≠, me cuesta hablar en frente de un grupo, especialmente los que est√°n en mi clase de espa√±ol porque suelen juzgar duramente a los dem√°s - su nivel de espa√±ol, cada error que se comete, todo. Me hace sentir nerviosa. Odio que tengo esa reacci√≥n pero no s√© como dejar de ocurrir. 

Cuando tengo que hablar en frente de ellos, no puedo pensar de nada. No puedo hablar. Hay nada dentro de mi mente sino espacio vac√≠o. Y la √∫nica cosa que quiero hacer es salir de la clase, pero s√© que no me ayudar√°, y me quedo sentada en esa sala. Me enrojezco. Ayy, ¬°qu√© verg√ºenza! Estaba feliz cuando termin√≥ la clase.

Es curioso porque una hora despu√©s, me encontr√© con otro estudiante nativo que trabaja con la universidad quien ayuda a los otros con espa√±ol. Solamente era nosotros dos, y fue super bien. Todav√≠a comet√≠ errores, pero mantuvimos una conversaci√≥n por una hora. Me sent√≠ muy feliz despu√©s de hablar con ella. La verdad es que me encanta hablar espa√±ol y me hace muy feliz. 

En fin, aunque la clase me sali√≥ mal, me alegra que pude hacer algo para compensar la mala experiencia. 

Que tengan una buena noche."
yu6afw,1668356510.0,,Vengeful_Turtle,Streak 7: ¬øC√≥mo sabes que est√°s enamorado?,"Toma tiempo para saber si has enamorado de alguien en vez de s√≥lo encaprichado, porque pienso que el primer paso de enamorarse es encapricharse. Es la etapa en la que no puedes dejar de pensar en esa persona especial y quieres pasar todo el tiempo hablando con ella. Es f√°cil pensar que esa persona es perfecta, y hay una atracci√≥n tan fuerte entre ustedes dos. Quieres conocer mejor a esa persona y todo es nuevo y interesante. Hay tanto/mucha novedad dentro de esta etapa, y esa es la raz√≥n que es tan divertida. Te pones encaprichado de esa persona. Esta etapa puede durar una semana, un mes, o hasta unos a√±os, pero siempre se desvanece/ se decae despu√©s un rato. 

Entonces, entramos en la pr√≥xima etapa de la relaci√≥n. Es la etapa de la relaci√≥n en la que ya conoces bien a la otra persona. No hay novedad y emoci√≥n, pero est√°s quedado con algo m√°s fuerte y especial, y este es el momento en el que decaes el inter√©s o te pones enamorado. Te importa mucho esa persona, y te preocupas por ella. Esa persona se hace una parte m√°s de tu vida, y tu plan futuro de tu vida. Quieres compartir lo que tienes con la otra persona, o sea, tu vida pero las partes en profundidad y especiales tambi√©n. Compartes tus valores, tu vista del mundo y los comparas con los suyos. Entonces, en ese momento te das cuenta de que cuales valores son los mismos y/o distintos, cuales son los valores m√°s importantes, cuales son los valores que puedes dejar o los que debes defender. Ustedes dos tienen que encontrar una manera de combinar los valores importantes para ustedes, y encontrar un t√©rmino medio donde los dos pueden ser felices. Entonces, despu√©s de hacer esto, te queda con una conexi√≥n tan fuerte y inolvidable. 

\*¬ø*Puedo usar ""ella"" para referirse a la persona? O sea, ¬øen la que podr√≠a ser mujer o hombre?\**"
yto7ca,1668302749.0,,Vengeful_Turtle,Streak 6: Mi tarea,"Ahhhh, estoy tan feliz! Acabo de recibir la nota de un ensayo que escrib√≠ para mi clase de espa√±ol y me sali√≥ bien! No es un curso sencillo y no es f√°cil defender los argumentos y opiniones en el idioma que est√°s aprendiendo!! A veces me cuesta explicarme, pero sigo mejorando. Ahora tengo que corregir las correcciones y entregarla de nuevo la pr√≥xima semana.

Es interesante porque la mayor√≠a de las correcciones tienen que ver el contenido, o sea maneras de fortalecer los argumentos y el contenido en vez de solo fallos de la gram√°tica. Espero poder seguir mejorando. 

Tuve que trabajar hoy y estoy muy cansada. Por eso, no voy a escribir mucho hoy. 

Hasta ma√±ana. Tengan una buena noche."
ysrxf3,1668213095.0,,Vengeful_Turtle,"Streak 5: ¬øApoyas que se cobren impuestos a la gente para evitar que sean ""demasiado ricos""?","El tema de hoy me interesa y pienso que es una pregunta interesante sino complejo. No hay una respuesta sencilla, pero supongo que esa es una buena cosa para los que aprenden otro idioma. Como teor√≠a, quiero decir que s√≠ - ser√≠a una buena idea para cobrar los impuestos a la gente rica, con tal de que esos impuestos sean, entonces, usados para algo que beneficia a toda la comunidad. Si esos impuestos pueden ser usado para mejorar las vidas de los que est√°n en nuestra comunidad, por qu√© no deber√≠a hacerlo? Por qu√© deber√≠a ser personas que sobran el dinero. 

Al mismo tiempo, esta idea crea algunos problemas si no es el sistema para todo el mundo. Por ejemplo, si los ricos no benefician construir sus empresas dentro de nuestra comunidad porque hay m√°s tarifas (de impuestos), entonces, nadie invertir√≠a construir su empresa all√≠. Y si no hay nadie que quiere desarrollar la econom√≠a de una comunidad, pues, se hace la situaci√≥n m√°s compleja. Si hay otros lugares en los que los ricos pueden construir sus empresas con menos tarifas, encones, ¬øpor qu√© no lo har√≠a? 

Adem√°s, la cantidad de dinero que tiene una persona en comparaci√≥n con cu√°nto dinero vale una persona - no siempre es lo mismo. O sea, ¬ødeber√≠amos cobrar a la gente debido a su sueldo o la cantidad de dinero que vale una persona? Yo dir√≠a que es mejor que las tarifas sean basadas en el sueldo de esa persona, ¬øno? Entonces, supongo que es una cuesti√≥n de cu√°ntos deber√≠amos cobrar impuestos a la gente dentro de una sociedad. Y cu√°nto de ese dinero deber√≠amos devolver a la sociedad? Sin embargo, despu√©s de hacer esas preguntas, estamos cuestionando el sistema econ√≥mico de capitalismo, ¬øno? Tal vez esa es una pregunta de otra d√≠a, jaja. 

Aunque me gusta la idea de cobrar m√°s impuestos a los ricos, no pienso que la soluci√≥n es tan sencilla. El sistema econ√≥mico no es sencillo y la verdad es que on s√© mucho sobre ese tema. Dicho eso, todav√≠a me gusta hablar sobre esos temas, y pienso que es una buena cosa que los discutimos. 

Creo que este es una tema de que tengo que pensar m√°s. 

Espero que tengan una buena noche."
yrplul,1668109295.0,,Vengeful_Turtle,Streak 4: ¬øQu√© te impide tener la vida que quieres?,"El tema de hoy es una pregunta pesada, ¬øno?  Ah, bueno. Supongo que me gustan las preguntas m√°s complicadas. 

Entonces, la cosa que impide m√°s en mi vida es yo. Hay una parte de m√≠ que quiere echar la culpa a mis padres o cualquier persona que no es yo, pero la realidad es que soy la √∫nica persona culpable. Siempre ha sido yo, y siempre va a ser yo. 

La verdad es que hay una parte escondida en mi mente que trato de silenciar todos los d√≠as, una parte que me dice que no soy lo suficiente, que no merezco nada. Aunque no he encontrado una manera de eliminarla, he logrado a ignorarla. En esta etapa de mi vida, mis pensamientos ya no impiden lo que haga. S√≥lo hacen que el proceso sea m√°s dif√≠cil. 

He querido aprender espa√±ol desde que ten√≠a 12 o 13 a√±os, pero mis padres (y los que me deber√≠an haber apoyado) siempre me dec√≠an que ser√≠a algo in√∫til. Siempre me preguntaba, ""¬øPara qu√© vas a usar el espa√±ol? Nadie aqu√≠ hable ese idioma aqu√≠. ¬øPor qu√© no aprendes franc√©s?"" como para decir que la cosa que me interesa era est√∫pida y que no deber√≠a perseguirlo. Es que no me enamoraba del franc√©s. No ten√≠a el inter√©s, y no lo intent√© aprenderlo. Desafortunadamente, no intent√© hacer o aprender nada, sino buscar la validez por otras y a trav√©s de formas sin sentido. Y luego, despu√©s de unos a√±os, me di cuenta de que la √∫nica cosa que es importante es que haga lo que quiero hacer porque al final de mi vida, no me importar√° lo que otras personas piensen de m√≠ o lo que quieran. No quer√≠a seguir viviendo una vida para los dem√°s, y me puse deprimida. Tom√© unas decisiones malas, y nunca se me devolver√° ese tiempo perdido, pero est√° bien. Esa es la realidad y la he aceptado. 

Entonces, lleg√≥ el d√≠a en el que decid√≠ que se acab√≥ la tonter√≠a. Ya estaba harta de mi forma de vivir, y quer√≠a perseguir algo m√°s. No estaba segura exactamente lo que quer√≠a, pero sab√≠a que el momento de cambio ha llegado. Me matricul√© en la universidad en mi ciudad. Mis padres todav√≠a piensan que la universidad y la educaci√≥n terciaria es un desperdicio de tiempo. Sin embargo, decid√≠ volver a tomar cursos, porque si no lo hago ahora, entonces, ¬øcu√°ndo? No hay un mejor momento que este. 

Aunque siento que he perdido los primeros a√±os de los 20, y que estoy empezando a vivir (mi vida) un poco tarde, o que no soy una personas muy inteligente - ya estoy m√°s feliz. Me gusta lo que estoy aprendiendo. Me gusta leer. Me gusta aprender. Aunque todav√≠a me cuesta superar mis propios pensamientos y mis sentimientos de fracaso, por fin estoy haciendo lo que quiero hacer. Ya no estoy sola. Tengo un novio que siga apoy√°ndome en mi viaje personal. Solamente tengo que seguir en este camino y eso es mi plan. 

Lo siento si esta publicaci√≥n termina por ser un poco triste o fastidiosa. 

Gracias por la oportunidad de escribir y aprender."
yr2t8x,1668047107.0,,Vengeful_Turtle,Streak 3: un d√≠a para descansar,"Tuve que escribir dos ex√°menes hoy y hacer todas las actividades del cap√≠tulo por la noche para entregar antes de medianoche. 

Espero que est√©n bien."
ypyvw7,1667942445.0,,Vengeful_Turtle,Streak 2: ¬øQu√© es lo m√°s bonito que has encontrado en la naturaleza?,"Una de las cosas que me gusta hacer es caminar. Me encanta hacer las caminatas. Siempre siento como si fuera sin limites cuando estoy en el aire libre, en medio de una exploraci√≥n sin destino. Camino y nada m√°s existe sino yo. 

El a√±o pasado, decid√≠ hacer la caminata de la ciudad p√©rdida en Colombia y fue una la las caminatas m√°s dif√≠ciles que he hecho en mi vida. Pero, al mismo tiempo, era lo m√°s hermoso y tranquilo. Es una caminata de 4 d√≠as, y al tercer d√≠a, llegamos a la ciudad p√©rdida. Era una ciudad construida perfectamente, situada en medio de la selva y me hace sentir tanto respeto para los que la hab√≠an construido. En serio, hab√≠a un encanto all√≠. Ten√≠a suerte que nuestro gu√≠a sab√≠a muchas cosas de la historia de la tierra y los ind√≠genas que viv√≠an all√≠. 

Espero regresar alg√∫n d√≠a, con un nivel de espa√±ol m√°s alto para comunicar mejor con los gu√≠as - para expresar la gratitud por la oportunidad de estar all√≠ y tener esa experiencia gracias a ellos."
yow51h,1667846570.0,,Vengeful_Turtle,Streak 1: El estado de √°nimo y las estaciones.,"Vivo en un lugar que tiene los inviernos largos, mientras los veranos  tan coros. Aqu√≠ los veranos solamente duran unos meses. Aunque me gusta mirar las estaciones cambian, el cambio todav√≠a me afecta. La verdad es que el sol nos hace sentir feliz, y cuando lleguen las estaciones con menos horas de luz, es dif√≠cil resistir sentir las consecuencias. Siempre es m√°s dif√≠cil levantarme por las ma√±anas cuando hay menos horas de luz. Me siento la desmotivaci√≥n, y a veces no quiero hacer nada. Sin embargo sigue la vida, y no tengo ninguna opci√≥n sino levantarme de nuevo cuando empieza cada d√≠a despu√©s del otro. Trato de buscar razones por sentirme feliz, y s√≠, existen. Solamente tengo que sacar un momento de mi d√≠a para buscar y encontrarlas. 

En realidad, hay muchas actividades divertidas que hago en el invierno. La verdad es que me encanta andar con las raquetas de nieve, pero pienso que mi perrita disfruta de la actividad un poco m√°s que yo. Tiene el pelaje muy grueso y nunca tiene fr√≠o. 

Para concluir, las estaciones me afectan mi √°nimo, pero pienso que tiene que ver m√°s con la cantidad de luz que hay en los d√≠as. 

Espero que est√©n bien. 

Gracias por leer mi primera publicaci√≥n."
